realtype,fid_data
주식시세,"[{'fid': '10', 'name': '현재가'}, {'fid': '11', 'name': '전일대비'}, {'fid': '12', 'name': '등락율'}, {'fid': '27', 'name': '(최우선)매도호가'}, {'fid': '28', 'name': '(최우선)매수호가'}, {'fid': '13', 'name': '누적거래량'}, {'fid': '14', 'name': '누적거래대금'}, {'fid': '16', 'name': '시가'}, {'fid': '17', 'name': '고가'}, {'fid': '18', 'name': '저가'}, {'fid': '25', 'name': '전일대비기호'}, {'fid': '26', 'name': '전일거래량대비(계약,주)'}, {'fid': '29', 'name': '거래대금증감'}, {'fid': '30', 'name': '전일거래량대비(비율)'}, {'fid': '31', 'name': '거래회전율'}, {'fid': '32', 'name': '거래비용'}, {'fid': '311', 'name': '시가총액(억)'}, {'fid': '567', 'name': '상한가발생시간'}, {'fid': '568', 'name': '하한가발생시간'}]"
주식체결,"[{'fid': '20', 'name': '체결시간'}, {'fid': '10', 'name': '현재가'}, {'fid': '11', 'name': '전일대비'}, {'fid': '12', 'name': '등락율'}, {'fid': '27', 'name': '(최우선)매도호가'}, {'fid': '28', 'name': '(최우선)매수호가'}, {'fid': '15', 'name': '거래량'}, {'fid': '13', 'name': '누적거래량'}, {'fid': '14', 'name': '누적거래대금'}, {'fid': '16', 'name': '시가'}, {'fid': '17', 'name': '고가'}, {'fid': '18', 'name': '저가'}, {'fid': '25', 'name': '전일대비기호'}, {'fid': '26', 'name': '전일거래량대비(계약,주)'}, {'fid': '29', 'name': '거래대금증감'}, {'fid': '30', 'name': '전일거래량대비(비율)'}, {'fid': '31', 'name': '거래회전율'}, {'fid': '32', 'name': '거래비용'}, {'fid': '228', 'name': '체결강도'}, {'fid': '311', 'name': '시가총액(억)'}, {'fid': '290', 'name': '장구분'}, {'fid': '691', 'name': 'KO접근도'}, {'fid': '567', 'name': '상한가발생시간'}, {'fid': '568', 'name': '하한가발생시간'}]"
주식우선호가,"[{'fid': '27', 'name': '(최우선)매도호가'}, {'fid': '28', 'name': '(최우선)매수호가'}]"
주식호가잔량,"[{'fid': '21', 'name': '호가시간'}, {'fid': '41', 'name': '매도호가1'}, {'fid': '61', 'name': '매도호가수량1'}, {'fid': '81', 'name': '매도호가직전대비1'}, {'fid': '51', 'name': '매수호가1'}, {'fid': '71', 'name': '매수호가수량1'}, {'fid': '91', 'name': '매수호가직전대비1'}, {'fid': '42', 'name': '매도호가2'}, {'fid': '62', 'name': '매도호가수량2'}, {'fid': '82', 'name': '매도호가직전대비2'}, {'fid': '52', 'name': '매수호가2'}, {'fid': '72', 'name': '매수호가수량2'}, {'fid': '92', 'name': '매수호가직전대비2'}, {'fid': '43', 'name': '매도호가3'}, {'fid': '63', 'name': '매도호가수량3'}, {'fid': '83', 'name': '매도호가직전대비3'}, {'fid': '53', 'name': '매수호가3'}, {'fid': '73', 'name': '매수호가수량3'}, {'fid': '93', 'name': '매수호가직전대비3'}, {'fid': '44', 'name': '매도호가4'}, {'fid': '64', 'name': '매도호가수량4'}, {'fid': '84', 'name': '매도호가직전대비4'}, {'fid': '54', 'name': '매수호가4'}, {'fid': '74', 'name': '매수호가수량4'}, {'fid': '94', 'name': '매수호가직전대비4'}, {'fid': '45', 'name': '매도호가5'}, {'fid': '65', 'name': '매도호가수량5'}, {'fid': '85', 'name': '매도호가직전대비5'}, {'fid': '55', 'name': '매수호가5'}, {'fid': '75', 'name': '매수호가수량5'}, {'fid': '95', 'name': '매수호가직전대비5'}, {'fid': '46', 'name': '매도호가6'}, {'fid': '66', 'name': '매도호가수량6'}, {'fid': '86', 'name': '매도호가직전대비6'}, {'fid': '56', 'name': '매수호가6'}, {'fid': '76', 'name': '매수호가수량6'}, {'fid': '96', 'name': '매수호가직전대비6'}, {'fid': '47', 'name': '매도호가7'}, {'fid': '67', 'name': '매도호가수량7'}, {'fid': '87', 'name': '매도호가직전대비7'}, {'fid': '57', 'name': '매수호가7'}, {'fid': '77', 'name': '매수호가수량7'}, {'fid': '97', 'name': '매수호가직전대비7'}, {'fid': '48', 'name': '매도호가8'}, {'fid': '68', 'name': '매도호가수량8'}, {'fid': '88', 'name': '매도호가직전대비8'}, {'fid': '58', 'name': '매수호가8'}, {'fid': '78', 'name': '매수호가수량8'}, {'fid': '98', 'name': '매수호가직전대비8'}, {'fid': '49', 'name': '매도호가9'}, {'fid': '69', 'name': '매도호가수량9'}, {'fid': '89', 'name': '매도호가직전대비9'}, {'fid': '59', 'name': '매수호가9'}, {'fid': '79', 'name': '매수호가수량9'}, {'fid': '99', 'name': '매수호가직전대비9'}, {'fid': '50', 'name': '매도호가10'}, {'fid': '70', 'name': '매도호가수량10'}, {'fid': '90', 'name': '매도호가직전대비10'}, {'fid': '60', 'name': '매수호가10'}, {'fid': '80', 'name': '매수호가수량10'}, {'fid': '100', 'name': '매수호가직전대비10'}, {'fid': '121', 'name': '매도호가총잔량'}, {'fid': '122', 'name': '매도호가총잔량직전대비'}, {'fid': '125', 'name': '매수호가총잔량'}, {'fid': '126', 'name': '매수호가총잔량직전대비'}, {'fid': '23', 'name': '예상체결가'}, {'fid': '24', 'name': '예상체결수량'}, {'fid': '128', 'name': '순매수잔량'}, {'fid': '129', 'name': '매수비율'}, {'fid': '138', 'name': '순매도잔량'}, {'fid': '139', 'name': '매도비율'}, {'fid': '200', 'name': '예상체결가전일종가대비'}, {'fid': '201', 'name': '예상체결가전일종가대비등락율'}, {'fid': '238', 'name': '예상체결가전일종가대비기호'}, {'fid': '291', 'name': '예상체결가'}, {'fid': '292', 'name': '예상체결량'}, {'fid': '293', 'name': '예상체결가전일대비기호'}, {'fid': '294', 'name': '예상체결가전일대비'}, {'fid': '295', 'name': '예상체결가전일대비등락율'}, {'fid': '621', 'name': 'LP매도호가수량1'}, {'fid': '631', 'name': 'LP매수호가수량1'}, {'fid': '622', 'name': 'LP매도호가수량2'}, {'fid': '632', 'name': 'LP매수호가수량2'}, {'fid': '623', 'name': 'LP매도호가수량3'}, {'fid': '633', 'name': 'LP매수호가수량3'}, {'fid': '624', 'name': 'LP매도호가수량4'}, {'fid': '634', 'name': 'LP매수호가수량4'}, {'fid': '625', 'name': 'LP매도호가수량5'}, {'fid': '635', 'name': 'LP매수호가수량5'}, {'fid': '626', 'name': 'LP매도호가수량6'}, {'fid': '636', 'name': 'LP매수호가수량6'}, {'fid': '627', 'name': 'LP매도호가수량7'}, {'fid': '637', 'name': 'LP매수호가수량7'}, {'fid': '628', 'name': 'LP매도호가수량8'}, {'fid': '638', 'name': 'LP매수호가수량8'}, {'fid': '629', 'name': 'LP매도호가수량9'}, {'fid': '639', 'name': 'LP매수호가수량9'}, {'fid': '630', 'name': 'LP매도호가수량10'}, {'fid': '640', 'name': 'LP매수호가수량10'}, {'fid': '13', 'name': '누적거래량'}, {'fid': '299', 'name': '전일거래량대비예상체결률'}, {'fid': '215', 'name': '장운영구분'}, {'fid': '216', 'name': '투자자별ticker'}]"
주식시간외호가,"[{'fid': '21', 'name': '호가시간'}, {'fid': '131', 'name': '시간외매도호가총잔량'}, {'fid': '132', 'name': '시간외매도호가총잔량직전대비'}, {'fid': '135', 'name': '시간외매수호가총잔량'}, {'fid': '136', 'name': '시간외매수호가총잔량직전대비'}]"
주식당일거래원,"[{'fid': '141', 'name': '매도거래원1'}, {'fid': '161', 'name': '매도거래원수량1'}, {'fid': '166', 'name': '매도거래원별증감1'}, {'fid': '146', 'name': '매도거래원코드1'}, {'fid': '271', 'name': '매도거래원색깔1'}, {'fid': '151', 'name': '매수거래원1'}, {'fid': '171', 'name': '매수거래원수량1'}, {'fid': '176', 'name': '매수거래원별증감1'}, {'fid': '156', 'name': '매수거래원코드1'}, {'fid': '281', 'name': '매수거래원색깔1'}, {'fid': '142', 'name': '매도거래원2'}, {'fid': '162', 'name': '매도거래원수량2'}, {'fid': '167', 'name': '매도거래원별증감2'}, {'fid': '147', 'name': '매도거래원코드2'}, {'fid': '272', 'name': '매도거래원색깔2'}, {'fid': '152', 'name': '매수거래원2'}, {'fid': '172', 'name': '매수거래원수량2'}, {'fid': '177', 'name': '매수거래원별증감2'}, {'fid': '157', 'name': '매수거래원코드2'}, {'fid': '282', 'name': '매수거래원색깔2'}, {'fid': '143', 'name': '매도거래원3'}, {'fid': '163', 'name': '매도거래원수량3'}, {'fid': '168', 'name': '매도거래원별증감3'}, {'fid': '148', 'name': '매도거래원코드3'}, {'fid': '273', 'name': '매도거래원색깔3'}, {'fid': '153', 'name': '매수거래원3'}, {'fid': '173', 'name': '매수거래원수량3'}, {'fid': '178', 'name': '매수거래원별증감3'}, {'fid': '158', 'name': '매수거래원코드3'}, {'fid': '283', 'name': '매수거래원색깔3'}, {'fid': '144', 'name': '매도거래원4'}, {'fid': '164', 'name': '매도거래원수량4'}, {'fid': '169', 'name': '매도거래원별증감4'}, {'fid': '149', 'name': '매도거래원코드4'}, {'fid': '274', 'name': '매도거래원색깔4'}, {'fid': '154', 'name': '매수거래원4'}, {'fid': '174', 'name': '매수거래원수량4'}, {'fid': '179', 'name': '매수거래원별증감4'}, {'fid': '159', 'name': '매수거래원코드4'}, {'fid': '284', 'name': '매수거래원색깔4'}, {'fid': '145', 'name': '매도거래원5'}, {'fid': '165', 'name': '매도거래원수량5'}, {'fid': '170', 'name': '매도거래원별증감5'}, {'fid': '150', 'name': '매도거래원코드5'}, {'fid': '275', 'name': '매도거래원색깔5'}, {'fid': '155', 'name': '매수거래원5'}, {'fid': '175', 'name': '매수거래원수량5'}, {'fid': '180', 'name': '매수거래원별증감5'}, {'fid': '160', 'name': '매수거래원코드5'}, {'fid': '285', 'name': '매수거래원색깔5'}, {'fid': '261', 'name': '외국계매도추정합'}, {'fid': '262', 'name': '외국계매도추정합변동'}, {'fid': '263', 'name': '외국계매수추정합'}, {'fid': '264', 'name': '외국계매수추정합변동'}, {'fid': '267', 'name': '외국계순매수추정합'}, {'fid': '268', 'name': '외국계순매수변동'}, {'fid': '337', 'name': '거래소구분'}]"
ETF NAV,"[{'fid': '36', 'name': 'NAV'}, {'fid': '37', 'name': 'NAV전일대비'}, {'fid': '38', 'name': 'NAV등락율'}, {'fid': '39', 'name': '추적오차율'}, {'fid': '20', 'name': '체결시간'}, {'fid': '10', 'name': '현재가'}, {'fid': '11', 'name': '전일대비'}, {'fid': '12', 'name': '등락율'}, {'fid': '13', 'name': '누적거래량'}, {'fid': '25', 'name': '전일대비기호'}, {'fid': '667', 'name': 'ELW기어링비율'}, {'fid': '668', 'name': 'ELW손익분기율'}, {'fid': '669', 'name': 'ELW자본지지점'}, {'fid': '265', 'name': 'NAV/지수괴리율'}, {'fid': '266', 'name': 'NAV/ETF괴리율'}]"
ELW 지표,"[{'fid': '20', 'name': '체결시간'}, {'fid': '666', 'name': 'ELW패리티'}, {'fid': '1211', 'name': 'ELW프리미엄'}, {'fid': '667', 'name': 'ELW기어링비율'}, {'fid': '668', 'name': 'ELW손익분기율'}, {'fid': '669', 'name': 'ELW자본지지점'}]"
ELW 이론가,"[{'fid': '20', 'name': '체결시간'}, {'fid': '10', 'name': '현재가'}, {'fid': '670', 'name': 'ELW이론가'}, {'fid': '671', 'name': 'ELW내재변동성'}, {'fid': '672', 'name': 'ELW델타'}, {'fid': '673', 'name': 'ELW감마'}, {'fid': '674', 'name': 'ELW쎄타'}, {'fid': '675', 'name': 'ELW베가'}, {'fid': '676', 'name': 'ELW로'}, {'fid': '706', 'name': 'LP호가내재변동성'}]"
주식예상체결,"[{'fid': '20', 'name': '체결시간'}, {'fid': '10', 'name': '현재가'}, {'fid': '11', 'name': '전일대비'}, {'fid': '12', 'name': '등락율'}, {'fid': '15', 'name': '거래량'}, {'fid': '13', 'name': '누적거래량'}, {'fid': '25', 'name': '전일대비기호'}]"
주식종목정보,"[{'fid': '297', 'name': '임의연장'}, {'fid': '592', 'name': '장전임의연장'}, {'fid': '593', 'name': '장후임의연장'}, {'fid': '305', 'name': '상한가'}, {'fid': '306', 'name': '하한가'}, {'fid': '307', 'name': '기준가'}, {'fid': '689', 'name': '조기종료ELW발생'}, {'fid': '594', 'name': '통화단위'}, {'fid': '382', 'name': '증거금율표시'}, {'fid': '370', 'name': '종목정보'}, {'fid': '300', 'name': 'Extra Item'}]"
선물옵션우선호가,"[{'fid': '10', 'name': '현재가'}, {'fid': '27', 'name': '(최우선)매도호가'}, {'fid': '28', 'name': '(최우선)매수호가'}]"
선물시세,"[{'fid': '20', 'name': '체결시간'}, {'fid': '10', 'name': '현재가'}, {'fid': '11', 'name': '전일대비'}, {'fid': '12', 'name': '등락율'}, {'fid': '27', 'name': '(최우선)매도호가'}, {'fid': '28', 'name': '(최우선)매수호가'}, {'fid': '15', 'name': '거래량'}, {'fid': '13', 'name': '누적거래량'}, {'fid': '14', 'name': '누적거래대금'}, {'fid': '16', 'name': '시가'}, {'fid': '17', 'name': '고가'}, {'fid': '18', 'name': '저가'}, {'fid': '195', 'name': '미결제약정'}, {'fid': '182', 'name': '이론가'}, {'fid': '184', 'name': '이론베이시스'}, {'fid': '183', 'name': '시장베이시스'}, {'fid': '186', 'name': '괴리율'}, {'fid': '181', 'name': '미결제약정전일대비'}, {'fid': '185', 'name': '괴리도'}, {'fid': '25', 'name': '전일대비기호'}, {'fid': '197', 'name': 'KOSPI200'}, {'fid': '26', 'name': '전일거래량대비(계약,주)'}, {'fid': '246', 'name': '시초미결제약정수량'}, {'fid': '247', 'name': '최고미결제약정수량'}, {'fid': '248', 'name': '최저미결제약정수량'}, {'fid': '30', 'name': '전일거래량대비(비율)'}, {'fid': '196', 'name': '미결제증감'}, {'fid': '1365', 'name': '실시간상한가'}, {'fid': '1366', 'name': '실시간하한가'}, {'fid': '1367', 'name': '협의대량누적체결수량'}, {'fid': '305', 'name': '상한가'}, {'fid': '306', 'name': '하한가'}]"
선물호가잔량,"[{'fid': '21', 'name': '호가시간'}, {'fid': '27', 'name': '(최우선)매도호가'}, {'fid': '28', 'name': '(최우선)매수호가'}, {'fid': '41', 'name': '매도호가1'}, {'fid': '61', 'name': '매도호가수량1'}, {'fid': '81', 'name': '매도호가직전대비1'}, {'fid': '101', 'name': '매도호가건수1'}, {'fid': '51', 'name': '매수호가1'}, {'fid': '71', 'name': '매수호가수량1'}, {'fid': '91', 'name': '매수호가직전대비1'}, {'fid': '111', 'name': '매수호가건수1'}, {'fid': '42', 'name': '매도호가2'}, {'fid': '62', 'name': '매도호가수량2'}, {'fid': '82', 'name': '매도호가직전대비2'}, {'fid': '102', 'name': '매도호가건수2'}, {'fid': '52', 'name': '매수호가2'}, {'fid': '72', 'name': '매수호가수량2'}, {'fid': '92', 'name': '매수호가직전대비2'}, {'fid': '112', 'name': '매수호가건수2'}, {'fid': '43', 'name': '매도호가3'}, {'fid': '63', 'name': '매도호가수량3'}, {'fid': '83', 'name': '매도호가직전대비3'}, {'fid': '103', 'name': '매도호가건수3'}, {'fid': '53', 'name': '매수호가3'}, {'fid': '73', 'name': '매수호가수량3'}, {'fid': '93', 'name': '매수호가직전대비3'}, {'fid': '113', 'name': '매수호가건수3'}, {'fid': '44', 'name': '매도호가4'}, {'fid': '64', 'name': '매도호가수량4'}, {'fid': '84', 'name': '매도호가직전대비4'}, {'fid': '104', 'name': '매도호가건수4'}, {'fid': '54', 'name': '매수호가4'}, {'fid': '74', 'name': '매수호가수량4'}, {'fid': '94', 'name': '매수호가직전대비4'}, {'fid': '114', 'name': '매수호가건수4'}, {'fid': '45', 'name': '매도호가5'}, {'fid': '65', 'name': '매도호가수량5'}, {'fid': '85', 'name': '매도호가직전대비5'}, {'fid': '105', 'name': '매도호가건수5'}, {'fid': '55', 'name': '매수호가5'}, {'fid': '75', 'name': '매수호가수량5'}, {'fid': '95', 'name': '매수호가직전대비5'}, {'fid': '115', 'name': '매수호가건수5'}, {'fid': '121', 'name': '매도호가총잔량'}, {'fid': '122', 'name': '매도호가총잔량직전대비'}, {'fid': '123', 'name': '매도호가총건수'}, {'fid': '125', 'name': '매수호가총잔량'}, {'fid': '126', 'name': '매수호가총잔량직전대비'}, {'fid': '127', 'name': '매수호가총건수'}, {'fid': '137', 'name': '호가순잔량'}, {'fid': '128', 'name': '순매수잔량'}, {'fid': '13', 'name': '누적거래량'}, {'fid': '23', 'name': '예상체결가'}, {'fid': '238', 'name': '예상체결가전일종가대비기호'}, {'fid': '200', 'name': '예상체결가전일종가대비'}, {'fid': '201', 'name': '예상체결가전일종가대비등락율'}, {'fid': '291', 'name': '예상체결가'}, {'fid': '293', 'name': '예상체결가전일대비기호'}, {'fid': '294', 'name': '예상체결가전일대비'}, {'fid': '295', 'name': '예상체결가전일대비등락율'}]"
선물이론가,"[{'fid': '195', 'name': '미결제약정'}, {'fid': '182', 'name': '이론가'}, {'fid': '184', 'name': '이론베이시스'}, {'fid': '183', 'name': '시장베이시스'}, {'fid': '186', 'name': '괴리율'}, {'fid': '181', 'name': '미결제약정전일대비'}, {'fid': '185', 'name': '괴리도'}, {'fid': '246', 'name': '시초미결제약정수량'}, {'fid': '247', 'name': '최고미결제약정수량'}, {'fid': '248', 'name': '최저미결제약정수량'}]"
옵션시세,"[{'fid': '20', 'name': '체결시간'}, {'fid': '10', 'name': '현재가'}, {'fid': '11', 'name': '전일대비'}, {'fid': '12', 'name': '등락율'}, {'fid': '27', 'name': '(최우선)매도호가'}, {'fid': '28', 'name': '(최우선)매수호가'}, {'fid': '15', 'name': '거래량'}, {'fid': '13', 'name': '누적거래량'}, {'fid': '14', 'name': '누적거래대금'}, {'fid': '16', 'name': '시가'}, {'fid': '17', 'name': '고가'}, {'fid': '18', 'name': '저가'}, {'fid': '195', 'name': '미결제약정'}, {'fid': '182', 'name': '이론가'}, {'fid': '186', 'name': '괴리율'}, {'fid': '190', 'name': '델타'}, {'fid': '191', 'name': '감마'}, {'fid': '193', 'name': '세타'}, {'fid': '192', 'name': '베가'}, {'fid': '194', 'name': '로'}, {'fid': '181', 'name': '미결제약정전일대비'}, {'fid': '25', 'name': '전일대비기호'}, {'fid': '26', 'name': '전일거래량대비(계약,주)'}, {'fid': '137', 'name': '호가순잔량'}, {'fid': '187', 'name': '내재가치'}, {'fid': '197', 'name': 'KOSPI200'}, {'fid': '246', 'name': '시초미결제약정수량'}, {'fid': '247', 'name': '최고미결제약정수량'}, {'fid': '248', 'name': '최저미결제약정수량'}, {'fid': '219', 'name': '선물최근월물지수'}, {'fid': '196', 'name': '미결제증감'}, {'fid': '188', 'name': '시간가치'}, {'fid': '189', 'name': '내재변동성(I.V.)'}, {'fid': '30', 'name': '전일거래량대비(비율)'}, {'fid': '391', 'name': '기준가대비시가등락율'}, {'fid': '392', 'name': '기준가대비고가등락율'}, {'fid': '393', 'name': '기준가대비저가등락율'}, {'fid': '1365', 'name': '실시간상한가'}, {'fid': '1366', 'name': '실시간하한가'}, {'fid': '1367', 'name': '협의대량누적체결수량'}, {'fid': '305', 'name': '상한가'}, {'fid': '306', 'name': '하한가'}]"
옵션호가잔량,"[{'fid': '21', 'name': '호가시간'}, {'fid': '27', 'name': '(최우선)매도호가'}, {'fid': '28', 'name': '(최우선)매수호가'}, {'fid': '41', 'name': '매도호가1'}, {'fid': '61', 'name': '매도호가수량1'}, {'fid': '81', 'name': '매도호가직전대비1'}, {'fid': '101', 'name': '매도호가건수1'}, {'fid': '51', 'name': '매수호가1'}, {'fid': '71', 'name': '매수호가수량1'}, {'fid': '91', 'name': '매수호가직전대비1'}, {'fid': '111', 'name': '매수호가건수1'}, {'fid': '42', 'name': '매도호가2'}, {'fid': '62', 'name': '매도호가수량2'}, {'fid': '82', 'name': '매도호가직전대비2'}, {'fid': '102', 'name': '매도호가건수2'}, {'fid': '52', 'name': '매수호가2'}, {'fid': '72', 'name': '매수호가수량2'}, {'fid': '92', 'name': '매수호가직전대비2'}, {'fid': '112', 'name': '매수호가건수2'}, {'fid': '43', 'name': '매도호가3'}, {'fid': '63', 'name': '매도호가수량3'}, {'fid': '83', 'name': '매도호가직전대비3'}, {'fid': '103', 'name': '매도호가건수3'}, {'fid': '53', 'name': '매수호가3'}, {'fid': '73', 'name': '매수호가수량3'}, {'fid': '93', 'name': '매수호가직전대비3'}, {'fid': '113', 'name': '매수호가건수3'}, {'fid': '44', 'name': '매도호가4'}, {'fid': '64', 'name': '매도호가수량4'}, {'fid': '84', 'name': '매도호가직전대비4'}, {'fid': '104', 'name': '매도호가건수4'}, {'fid': '54', 'name': '매수호가4'}, {'fid': '74', 'name': '매수호가수량4'}, {'fid': '94', 'name': '매수호가직전대비4'}, {'fid': '114', 'name': '매수호가건수4'}, {'fid': '45', 'name': '매도호가5'}, {'fid': '65', 'name': '매도호가수량5'}, {'fid': '85', 'name': '매도호가직전대비5'}, {'fid': '105', 'name': '매도호가건수5'}, {'fid': '55', 'name': '매수호가5'}, {'fid': '75', 'name': '매수호가수량5'}, {'fid': '95', 'name': '매수호가직전대비5'}, {'fid': '115', 'name': '매수호가건수5'}, {'fid': '121', 'name': '매도호가총잔량'}, {'fid': '122', 'name': '매도호가총잔량직전대비'}, {'fid': '123', 'name': '매도호가총건수'}, {'fid': '125', 'name': '매수호가총잔량'}, {'fid': '126', 'name': '매수호가총잔량직전대비'}, {'fid': '127', 'name': '매수호가총건수'}, {'fid': '137', 'name': '호가순잔량'}, {'fid': '128', 'name': '순매수잔량'}, {'fid': '13', 'name': '누적거래량'}, {'fid': '23', 'name': '예상체결가'}, {'fid': '238', 'name': '예상체결가전일종가대비기호'}, {'fid': '200', 'name': '예상체결가전일종가대비'}, {'fid': '201', 'name': '예상체결가전일종가대비등락율'}, {'fid': '291', 'name': '예상체결가'}, {'fid': '293', 'name': '예상체결가전일대비기호'}, {'fid': '294', 'name': '예상체결가전일대비'}, {'fid': '295', 'name': '예상체결가전일대비등락율'}]"
옵션이론가,"[{'fid': '195', 'name': '미결제약정'}, {'fid': '182', 'name': '이론가'}, {'fid': '186', 'name': '괴리율'}, {'fid': '190', 'name': '델타'}, {'fid': '191', 'name': '감마'}, {'fid': '193', 'name': '세타'}, {'fid': '192', 'name': '베가'}, {'fid': '194', 'name': '로'}, {'fid': '181', 'name': '미결제약정전일대비'}, {'fid': '246', 'name': '시초미결제약정수량'}, {'fid': '247', 'name': '최고미결제약정수량'}, {'fid': '248', 'name': '최저미결제약정수량'}, {'fid': '187', 'name': '내재가치'}, {'fid': '188', 'name': '시간가치'}, {'fid': '189', 'name': '내재변동성(I.V.)'}]"
업종지수,"[{'fid': '20', 'name': '체결시간'}, {'fid': '10', 'name': '현재가'}, {'fid': '11', 'name': '전일대비'}, {'fid': '12', 'name': '등락율'}, {'fid': '15', 'name': '거래량'}, {'fid': '13', 'name': '누적거래량'}, {'fid': '14', 'name': '누적거래대금'}, {'fid': '16', 'name': '시가'}, {'fid': '17', 'name': '고가'}, {'fid': '18', 'name': '저가'}, {'fid': '25', 'name': '전일대비기호'}, {'fid': '26', 'name': '전일거래량대비(계약,주)'}]"
업종등락,"[{'fid': '20', 'name': '체결시간'}, {'fid': '252', 'name': '상승종목수'}, {'fid': '251', 'name': '상한종목수'}, {'fid': '253', 'name': '보합종목수'}, {'fid': '255', 'name': '하락종목수'}, {'fid': '254', 'name': '하한종목수'}, {'fid': '13', 'name': '누적거래량'}, {'fid': '14', 'name': '누적거래대금'}, {'fid': '10', 'name': '현재가'}, {'fid': '11', 'name': '전일대비'}, {'fid': '12', 'name': '등락율'}, {'fid': '256', 'name': '거래형성종목수'}, {'fid': '257', 'name': '거래형성비율'}, {'fid': '25', 'name': '전일대비기호'}]"
장시작시간,"[{'fid': '215', 'name': '장운영구분'}, {'fid': '20', 'name': '체결시간'}, {'fid': '214', 'name': '장시작예상잔여시간'}]"
VI발동/해제,"[{'fid': '9001', 'name': '종목코드,업종코드'}, {'fid': '302', 'name': '종목명'}, {'fid': '13', 'name': '누적거래량'}, {'fid': '14', 'name': '누적거래대금'}, {'fid': '9068', 'name': 'VI발동구분(1:정적, 2:동적, 3:동적+정적)'}, {'fid': '9008', 'name': 'KOSPI,KOSDAQ,전체구분'}, {'fid': '9075', 'name': '장전구분'}, {'fid': '1221', 'name': 'VI 발동가격'}, {'fid': '1223', 'name': '매매체결처리시각'}, {'fid': '1224', 'name': 'VI 해제시각'}, {'fid': '1225', 'name': 'VI 적용구분'}, {'fid': '1236', 'name': '기준가격 정적'}, {'fid': '1237', 'name': '기준가격 동적'}, {'fid': '1238', 'name': '괴리율 정적'}, {'fid': '1239', 'name': '괴리율 동적'}, {'fid': '1489', 'name': 'Extra Item'}, {'fid': '1490', 'name': 'Extra Item'}, {'fid': '9069', 'name': 'Extra Item'}, {'fid': '1279', 'name': 'Extra Item'}]"
주문체결,"[{'fid': '9201', 'name': '계좌번호'}, {'fid': '9203', 'name': '주문번호'}, {'fid': '9205', 'name': '관리자사번'}, {'fid': '9001', 'name': '종목코드,업종코드'}, {'fid': '912', 'name': '주문업무분류'}, {'fid': '913', 'name': '주문상태'}, {'fid': '302', 'name': '종목명'}, {'fid': '900', 'name': '주문수량'}, {'fid': '901', 'name': '주문가격'}, {'fid': '902', 'name': '미체결수량'}, {'fid': '903', 'name': '체결누계금액'}, {'fid': '904', 'name': '원주문번호'}, {'fid': '905', 'name': '주문구분'}, {'fid': '906', 'name': '매매구분'}, {'fid': '907', 'name': '매도수구분'}, {'fid': '908', 'name': '주문/체결시간'}, {'fid': '909', 'name': '체결번호'}, {'fid': '910', 'name': '체결가'}, {'fid': '911', 'name': '체결량'}, {'fid': '10', 'name': '현재가'}, {'fid': '27', 'name': '(최우선)매도호가'}, {'fid': '28', 'name': '(최우선)매수호가'}, {'fid': '914', 'name': '단위체결가'}, {'fid': '915', 'name': '단위체결량'}, {'fid': '938', 'name': '당일매매수수료'}, {'fid': '939', 'name': '당일매매세금'}, {'fid': '919', 'name': '거부사유'}, {'fid': '920', 'name': '화면번호'}, {'fid': '921', 'name': '터미널번호'}, {'fid': '922', 'name': '신용구분(실시간 체결용)'}, {'fid': '923', 'name': '대출일(실시간 체결용)'}]"
파생잔고,"[{'fid': '9201', 'name': '계좌번호'}, {'fid': '9001', 'name': '종목코드,업종코드'}, {'fid': '302', 'name': '종목명'}, {'fid': '10', 'name': '현재가'}, {'fid': '930', 'name': '보유수량'}, {'fid': '931', 'name': '매입단가'}, {'fid': '932', 'name': '총매입가'}, {'fid': '933', 'name': '주문가능수량'}, {'fid': '945', 'name': '당일순매수량'}, {'fid': '946', 'name': '매도/매수구분'}, {'fid': '950', 'name': '당일총매도손일'}, {'fid': '951', 'name': '예수금'}, {'fid': '27', 'name': '(최우선)매도호가'}, {'fid': '28', 'name': '(최우선)매수호가'}, {'fid': '307', 'name': '기준가'}, {'fid': '8019', 'name': '손익율'}, {'fid': '397', 'name': '파생상품거래단위'}, {'fid': '305', 'name': '상한가'}, {'fid': '306', 'name': '하한가'}]"
잔고,"[{'fid': '9201', 'name': '계좌번호'}, {'fid': '9001', 'name': '종목코드,업종코드'}, {'fid': '917', 'name': '신용구분'}, {'fid': '916', 'name': '대출일'}, {'fid': '302', 'name': '종목명'}, {'fid': '10', 'name': '현재가'}, {'fid': '930', 'name': '보유수량'}, {'fid': '931', 'name': '매입단가'}, {'fid': '932', 'name': '총매입가'}, {'fid': '933', 'name': '주문가능수량'}, {'fid': '945', 'name': '당일순매수량'}, {'fid': '946', 'name': '매도/매수구분'}, {'fid': '950', 'name': '당일총매도손일'}, {'fid': '951', 'name': '예수금'}, {'fid': '27', 'name': '(최우선)매도호가'}, {'fid': '28', 'name': '(최우선)매수호가'}, {'fid': '307', 'name': '기준가'}, {'fid': '8019', 'name': '손익율'}, {'fid': '957', 'name': '신용금액'}, {'fid': '958', 'name': '신용이자'}, {'fid': '918', 'name': '만기일'}, {'fid': '990', 'name': '당일실현손익(유가)'}, {'fid': '991', 'name': '당일실현손익률(유가)'}, {'fid': '992', 'name': '당일실현손익(신용)'}, {'fid': '993', 'name': '당일실현손익률(신용)'}, {'fid': '959', 'name': '담보대출수량'}, {'fid': '924', 'name': 'Extra Item'}]"
종목프로그램매매,"[{'fid': '20', 'name': '체결시간'}, {'fid': '10', 'name': '현재가'}, {'fid': '25', 'name': '전일대비기호'}, {'fid': '11', 'name': '전일대비'}, {'fid': '12', 'name': '등락율'}, {'fid': '13', 'name': '누적거래량'}, {'fid': '202', 'name': '매도수량'}, {'fid': '204', 'name': '매도금액'}, {'fid': '206', 'name': '매수수량'}, {'fid': '208', 'name': '매수금액'}, {'fid': '210', 'name': '순매수수량'}, {'fid': '212', 'name': '순매수금액'}, {'fid': '213', 'name': '순매수금액증감'}, {'fid': '214', 'name': '장시작예상잔여시간'}, {'fid': '215', 'name': '장운영구분'}, {'fid': '216', 'name': '투자자별ticker'}]"
