trcode,trname,inputs,outputs,caution,realActive,testActive
opt10001,주식기본정보요청,"[{'id': '종목코드', 'value': '전문 조회할 종목코드'}]","['종목코드', '종목명', '결산월', '액면가', '자본금', '상장주식', '신용비율', '연중최고', '연중최저', '시가총액', '시가총액비중', '외인소진률', '대용가', 'PER', 'EPS', 'ROE', 'PBR', 'EV', 'BPS', '매출액', '영업이익', '당기순이익', '250최고', '250최저', '시가', '고가', '저가', '상한가', '하한가', '예상체결가', '예상체결수량', '250최고가일', '250최고가대비율', '250최저가일', '250최저가대비율', '현재가', '대비기호', '전일대비', '등락율', '거래량', '거래대비', '액면가단위', '유통주식', '유통비율']",,True,True
opt10002,주식거래원요청,"[{'id': '종목코드', 'value': '전문 조회할 종목코드'}]","['종목코드', '종목명', '현재가', '기준가', '전일대비', '등락율', '등락부호', '매도거래원명1', '매도거래원명2', '매도거래원명3', '매도거래원명4', '매도거래원명5', '매도거래원1', '매도거래원2', '매도거래원3', '매도거래원4', '매도거래원5', '매도거래량1', '매도거래량2', '매도거래량3', '매도거래량4', '매도거래량5', '매수거래원명1', '매수거래원명2', '매수거래원명3', '매수거래원명4', '매수거래원명5', '매수거래원1', '매수거래원2', '매수거래원3', '매수거래원4', '매수거래원5', '매수거래량1', '매수거래량2', '매수거래량3', '매수거래량4', '매수거래량5']",,True,True
opt10003,체결정보요청,"[{'id': '종목코드', 'value': '전문 조회할 종목코드'}]","['시간', '현재가', '전일대비', '대비율', '우선매도호가단위', '우선매수호가단위', '체결거래량', 'sign', '누적거래량', '누적거래대금', '체결강도']",,True,True
opt10004,주식호가요청,"[{'id': '종목코드', 'value': '전문 조회할 종목코드'}]","['매도1차선잔량대비', '매도2차선호가', '매도2차선잔량', '매도2차선잔량대비', '매도3차선호가', '매도3차선잔량', '매도3차선잔량대비', '매도4차선호가', '매도4차선잔량', '매도4차선잔량대비', '매도5차선호가', '매도5차선잔량', '매도5차선잔량대비', '매도6차선호가', '매도6차선잔량', '매도6차선잔량대비', '매도7차선호가', '매도7차선잔량', '매도7차선잔량대비', '매도8차선호가', '매도8차선잔량', '매도8차선잔량대비', '매도9차선호가', '매도9차선잔량', '매도9차선잔량대비', '매도10차선호가', '매도10차선잔량', '매도10차선잔량대비', '매수1차선잔량대비', '매수2차선호가', '매수2차선잔량', '매수2차선잔량대비', '매수3차선호가', '매수3차선잔량', '매수3차선잔량대비', '매수4차선호가', '매수4차선잔량', '매수4차선잔량대비', '매수5차선호가', '매수5차선잔량', '매수5차선잔량대비', '매수6차선호가', '매수6차선잔량', '매수6차선잔량대비', '매수7차선호가', '매수7차선잔량', '매수7차선잔량대비', '매수8차선호가', '매수8차선잔량', '매수8차선잔량대비', '매수9차선호가', '매수9차선잔량', '매수9차선잔량대비', '매수10차선호가', '매수10차선잔량', '매수10차선잔량대비', '호가잔량기준시간', '시간외매도잔량', '시간외매도잔량직전대비', '시간외매수잔량', '시간외매수잔량직전대비', '총매도잔량', '총매도잔량직전대비', '총매수잔량', '총매수잔량직전대비', '매도최우선잔량', '매도최우선호가', '매수최우선잔량', '매수최우선호가']",,True,True
opt10005,주식일주월시분요청,"[{'id': '종목코드', 'value': '전문 조회할 종목코드'}]","['날짜', '시가', '고가', '저가', '종가', '대비', '등락률', '거래량', '거래대금', '체결강도', '외인보유', '외인비중', '외인순매수', '기관순매수', '외국계', '신용잔고율', '프로그램']",,True,True
OPT10006,주식시분요청,"[{'id': '종목코드', 'value': '전문 조회할 종목코드'}]","['날짜', '시가', '고가', '저가', '종가', '대비', '등락률', '거래량', '거래대금']",,True,True
opt10007,시세표성정보요청,"[{'id': '종목코드', 'value': '전문 조회할 종목코드'}]","['종목명', '종목코드', '날짜', '시간', '전일종가', '전일거래량', '상한가', '하한가', '전일거래대금', '상장주식수', '현재가', '부호', '등락률', '전일비', '시가', '고가', '저가', '체결량', '거래량', '거래대금', '예상체결가', '에상체결량', '예상매도우선호가', '예상매수우선호가', '거래시작일', '행사가격', '최고가', '최저가', '최고가일', '최저가일', '매도1호가', '매도1호가잔량', '매도1호가직전대비', '매도2호가', '매도2호가잔량', '매도2호가직전대비', '매도3호가', '매도3호가잔량', '매도3호가직전대비', '매도4호가', '매도4호가잔량', '매도4호가직전대비', '매도5호가', '매도5호가잔량', '매도5호가직전대비', '매도6호가', '매도6호가잔량', '매도6호가직전대비', '매도7호가', '매도7호가잔량', '매도7호가직전대비', '매도8호가', '매도8호가잔량', '매도8호가직전대비', '매도9호가', '매도9호가잔량', '매도9호가직전대비', '매도10호가', '매도10호가잔량', '매도10호가직전대비', '매수1호가', '매수1호가잔량', '매수1호가직전대비', '매수2호가', '매수2호가잔량', '매수2호가직전대비', '매수3호가', '매수3호가잔량', '매수3호가직전대비', '매수4호가', '매수4호가잔량', '매수4호가직전대비', '매수5호가', '매수5호가잔량', '매수5호가직전대비', '매수6호가', '매수6호가잔량', '매수6호가직전대비', '매수7호가', '매수7호가잔량', '매수7호가직전대비', '매수8호가', '매수8호가잔량', '매수8호가직전대비', '매수9호가', '매수9호가잔량', '매수9호가직전대비', '매수10호가', '매수10호가잔량', '매수10호가직전대비', '매도1호가잔량', '매도2호가잔량', '매도3호가잔량', '매도4호가잔량', '매도5호가잔량', '매수1호가잔량', '매수2호가잔량', '매수3호가잔량', '매수4호가잔량', '매수5호가잔량', 'LP매도1호가잔량', 'LP매도2호가잔량', 'LP매도3호가잔량', 'LP매도4호가잔량', 'LP매도5호가잔량', 'LP매수1호가잔량', 'LP매수2호가잔량', 'LP매수3호가잔량', 'LP매수4호가잔량', 'LP매수5호가잔량', '총매도잔량', '총매도건수', '총매수잔량', '총매수건수']",,True,True
opt10008,주식외국인요청,"[{'id': '종목코드', 'value': '000:전체, 001:코스피, 101:코스닥'}]","['일자', '종가', '전일대비', '거래량', '변동수량', '보유주식수', '비중', '취득가능주식수', '외국인한도', '외국인한도증감', '한도소진률']",,True,True
OPT10009,주식기관요청,"[{'id': '종목코드', 'value': '전문 조회할 종목코드'}]","['날짜', '종가', '대비', '기관기간누적', '기관일변순매매', '외국인일변순매매', '외국인지분율']",,True,True
OPT10010,업종프로그램요청,"[{'id': '종목코드', 'value': '전문 조회할 종목코드'}]","['차익위탁매수수량', '차익위탁매수금액', '차익위탁매도수량', '차익위탁매도금액', '차익위탁순매수수량', '차익위탁순매수금액', '비차익위탁매수수량', '비차익위탁매수금액', '비차익위탁매도수량', '비차익위탁매도금액', '비차익위탁순매수수량', '비차익위탁순매수금액', '전체차익위탁매수수량', '전체차익위탁매수금액', '전체차익위탁매도수량', '전체차익위탁매도금액', '전체차익위탁순매수수량', '전체차익위탁순매수금액']",,True,True
opt10011,신주인수권전체시세요청,"[{'id': '신주인수권구분', 'value': '00:전체, 05:신주인수권증권, 07:신주인수권증서'}]","['종목코드', '종목명', '현재가', '전일대비기호', '전일대비', '등락율', '최우선매도호가', '최우선매수호가', '누적거래량', '시가', '고가', '저가']",,True,True
opt10012,주문체결요청,"[{'id': '계좌번호', 'value': '전문 조회할 보유계좌번호'}]",, 이 TR은 더이상 지원하지 않는 TR입니다.,False,False
opt10013,신용매매동향요청,"[{'id': '종목코드', 'value': '전문 조회할 종목코드'}, {'id': '일자', 'value': 'YYYYMMDD (20160101 연도4자리, 월 2자리, 일 2자리 형식)'}, {'id': '조회구분', 'value': '1:융자, 2:대주'}]","['일자', '현재가', '전일대비기호', '전일대비', '거래량', '신규', '상환', '잔고', '금액', '대비', '공여율', '잔고율']",,True,True
opt10014,공매도추이요청,"[{'id': '종목코드', 'value': '전문 조회할 종목코드'}, {'id': '시간구분', 'value': '0:시작일, 1:기간'}, {'id': '시작일자', 'value': 'YYYYMMDD (20160101 연도4자리, 월 2자리, 일 2자리 형식)'}, {'id': '종료일자', 'value': 'YYYYMMDD (20160101 연도4자리, 월 2자리, 일 2자리 형식)'}]","['일자', '종가', '전일대비기호', '전일대비', '등락율', '거래량', '공매도량', '매매비중', '공매도거래대금', '공매도평균가']",,True,True
opt10015,일별거래상세요청,"[{'id': '종목코드', 'value': '전문 조회할 종목코드'}, {'id': '시작일자', 'value': 'YYYYMMDD (20160101 연도4자리, 월 2자리, 일 2자리 형식)'}]","['일자', '종가', '전일대비기호', '전일대비', '등락율', '거래량', '거래대금', '장전거래량', '장전거래비중', '장중거래량', '장중거래비중', '장후거래량', '장후거래비중', '합계3', '기간중거래량', '체결강도', '외인보유', '외인비중', '외인순매수', '기관순매수', '개인순매수', '외국계', '신용잔고율', '프로그램', '장전거래대금', '장전거래대금비중', '장중거래대금', '장중거래대금비중', '장후거래대금', '장후거래대금비중']",,True,True
OPT10016,신고저가요청,"[{'id': '시장구분', 'value': '000:전체, 001:코스피, 101:코스닥'}, {'id': '신고저구분', 'value': '1:신고가,2:신저가'}, {'id': '고저종구분', 'value': '1:고저기준, 2:종가기준'}, {'id': '종목조건', 'value': '0:전체조회,1:관리종목제외, 3:우선주제외, 5:증100제외, 6:증100만보기, 7:증40만보기, 8:증30만보기'}, {'id': '거래량구분', 'value': '00000:전체조회, 00010:만주이상, 00050:5만주이상, 00100:10만주이상, 00150:15만주이상, 00200:20만주이상, 00300:30만주이상, 00500:50만주이상, 01000:백만주이상'}, {'id': '신용조건', 'value': '0:전체조회, 1:신용융자A군, 2:신용융자B군, 3:신용융자C군, 4:신용융자D군, 9:신용융자전체'}, {'id': '상하한포함', 'value': '0:미포함, 1:포함'}, {'id': '기간', 'value': '5:5일, 10:10일, 20:20일, 60:60일, 250:250일, 250일까지 입력가능'}]","['종목코드', '종목명', '현재가', '전일대비기호', '전일대비', '등락률', '거래량', '전일거래량대비율', '매도호가', '매수호가', '고가', '저가']",,True,True
opt10017,상하한가요청,"[{'id': '시장구분', 'value': '000:전체, 001:코스피, 101:코스닥'}, {'id': '상하한구분', 'value': '1:상한, 2:상승, 3:보합, 4: 하한, 5:하락, 6:전일상한, 7:전일하한'}, {'id': '정렬구분', 'value': '1:종목코드순, 2:연속횟수순(상위100개), 3:등락률순'}, {'id': '종목조건', 'value': '0:전체조회,1:관리종목제외, 3:우선주제외, 4:우선주+관리종목제외, 5:증100제외, 6:증100만 보기, 7:증40만 보기, 8:증30만 보기, 9:증20만 보기, 10:우선주+관리종목+환기종목제외'}, {'id': '거래량구분', 'value': '00000:전체조회, 00010:만주이상, 00050:5만주이상, 00100:10만주이상, 00150:15만주이상, 00200:20만주이상, 00300:30만주이상, 00500:50만주이상, 01000:백만주이상'}, {'id': '신용조건', 'value': '0:전체조회, 1:신용융자A군, 2:신용융자B군, 3:신용융자C군, 4:신용융자D군, 9:신용융자전체'}, {'id': '매매금구분', 'value': '0:전체조회, 1:1천원미만, 2:1천원~2천원, 3:2천원~3천원, 4:5천원~1만원, 5:1만원이상, 8:1천원이상'}]","['종목코드', '종목정보', '종목명', '현재가', '전일대비기호', '전일대비', '등락률', '거래량', '전일거래량', '매도잔량', '매도호가', '매수잔량', '매수호가', '횟수']",,True,True
OPT10018,고저가근접요청,"[{'id': '고저구분', 'value': '1:고가, 2:저가'}, {'id': '근접율', 'value': '05:0.5 10:1.0, 15:1.5, 20:2.0. 25:2.5, 30:3.0'}, {'id': '시장구분', 'value': '000:전체, 001:코스피, 101:코스닥'}, {'id': '거래량구분', 'value': '00000:전체조회, 00010:만주이상, 00050:5만주이상, 00100:10만주이상, 00150:15만주이상, 00200:20만주이상, 00300:30만주이상, 00500:50만주이상, 01000:백만주이상'}, {'id': '종목조건', 'value': '0:전체조회,1:관리종목제외, 3:우선주제외, 5:증100제외, 6:증100만보기, 7:증40만보기, 8:증30만보기'}, {'id': '신용조건', 'value': '0:전체조회, 1:신용융자A군, 2:신용융자B군, 3:신용융자C군, 4:신용융자D군, 9:신용융자전체'}]","['종목코드', '종목명', '현재가', '전일대비기호', '전일대비', '등락률', '거래량', '매도호가', '매수호가', '당일저가']",,True,True
opt10019,가격급등락요청,"[{'id': '시장구분', 'value': '000:전체, 001:코스피, 101:코스닥, 201:코스피200'}, {'id': '등락구분', 'value': '1:급등, 2:급락'}, {'id': '시간구분', 'value': '1:분전, 2:일전'}, {'id': '시간', 'value': '분 혹은 일입력'}, {'id': '거래량구분', 'value': '00000:전체조회, 00010:만주이상, 00050:5만주이상, 00100:10만주이상, 00150:15만주이상, 00200:20만주이상, 00300:30만주이상, 00500:50만주이상, 01000:백만주이상'}, {'id': '종목조건', 'value': '0:전체조회,1:관리종목제외, 3:우선주제외, 5:증100제외, 6:증100만보기, 7:증40만보기, 8:증30만보기'}, {'id': '신용조건', 'value': '0:전체조회, 1:신용융자A군, 2:신용융자B군, 3:신용융자C군, 4:신용융자D군, 9:신용융자전체'}, {'id': '가격조건', 'value': '0:전체조회, 1:1천원미만, 2:1천원~2천원, 3:2천원~3천원, 4:5천원~1만원, 5:1만원이상, 8:1천원이상'}, {'id': '상하한포함', 'value': '0:미포함, 1:포함'}]","['종목코드', '종목분류', '종목명', '전일대비기호', '전일대비', '등락률', '기준가', '현재가', '기준대비', '급등률']",,True,True
OPT10020,호가잔량상위요청,"[{'id': '시장구분', 'value': '001:코스피, 101:코스닥'}, {'id': '정렬구분', 'value': '1:순매수잔량순, 2:순매도잔량순, 3:매수비율순, 4:매도비율순'}, {'id': '거래량구분', 'value': '0000:장시작전(0주이상), 0010:만주이상, 0050:5만주이상, 00100:10만주이상'}, {'id': '종목조건', 'value': '0:전체조회, 1:관리종목제외, 5:증100제외, 6:증100만보기, 7:증40만보기, 8:증30만보기, 9:증20만보기'}, {'id': '신용조건', 'value': '0:전체조회, 1:신용융자A군, 2:신용융자B군, 3:신용융자C군, 4:신용융자D군, 9:신용융자전체'}]","['종목코드', '종목명', '현재가', '전일대비기호', '전일대비', '거래량', '총매도잔량', '총매수잔량', '순매수잔량', '매수비율']",,True,True
OPT10021,호가잔량급증요청,"[{'id': '시장구분', 'value': '001:코스피, 101:코스닥'}, {'id': '매매구분', 'value': '1:매수잔량, 2:매도잔량'}, {'id': '정렬구분', 'value': '1:급증량, 2:급증률'}, {'id': '시간구분', 'value': '분 입력'}, {'id': '거래량구분', 'value': '1:천주이상, 5:5천주이상, 10:만주이상, 50:5만주이상, 100:10만주이상'}, {'id': '종목조건', 'value': '0:전체조회, 1:관리종목제외, 5:증100제외, 6:증100만보기, 7:증40만보기, 8:증30만보기, 9:증20만보기'}]","['종목코드', '종목명', '현재가', '전일대비기호', '전일대비', '기준률', '현재', '급증수량', '급증률', '총매수량']",,True,True
OPT10022,잔량율급증요청,"[{'id': '시장구분', 'value': '001:코스피, 101:코스닥'}, {'id': '비율구분', 'value': '1:매수/매도비율, 2:매도/매수비율'}, {'id': '시간구분', 'value': '분 입력'}, {'id': '거래량구분', 'value': '5:5천주이상, 10:만주이상, 50:5만주이상, 100:10만주이상'}, {'id': '종목조건', 'value': '0:전체조회, 1:관리종목제외, 5:증100제외, 6:증100만보기, 7:증40만보기, 8:증30만보기, 9:증20만보기'}]","['종목코드', '종목명', '현재가', '전일대비기호', '전일대비', '기준률', '현재비율', '급증률', '총매도잔량', '총매수잔량']",,True,True
OPT10023,거래량급증요청,"[{'id': '시장구분', 'value': '000:전체, 001:코스피, 101:코스닥'}, {'id': '정렬구분', 'value': '1:급증량, 2:급증률'}, {'id': '시간구분', 'value': '1:분, 2:전일'}, {'id': '거래량구분', 'value': '5:5천주이상, 10:만주이상, 50:5만주이상, 100:10만주이상, 200:20만주이상, 300:30만주이상, 500:50만주이상, 1000:백만주이상'}, {'id': '시간', 'value': '분 입력'}, {'id': '종목조건', 'value': '0:전체조회, 1:관리종목제외, 5:증100제외, 6:증100만보기, 7:증40만보기, 8:증30만보기, 9:증20만보기'}, {'id': '가격구분', 'value': '0:전체조회, 2:5만원이상, 5:1만원이상, 6:5천원이상, 8:1천원이상, 9:10만원이상'}]","['종목코드', '종목명', '현재가', '전일대비기호', '전일대비', '등락률', '이전거래량', '현재거래량', '급증량', '급증률']",,True,True
OPT10024,거래량갱신요청,"[{'id': '시장구분', 'value': '000:전체, 001:코스피, 101:코스닥'}, {'id': '주기구분', 'value': '5:5일, 10:10일, 20:20일, 60:60일, 250:250일'}, {'id': '거래량구분', 'value': '5:5천주이상, 10:만주이상, 50:5만주이상, 100:10만주이상, 200:20만주이상, 300:30만주이상, 500:50만주이상, 1000:백만주이상'}]","['종목코드', '종목명', '현재가', '전일대비기호', '전일대비', '등락률', '이전거래량', '현재거래량', '매도호가', '매수호가']",,True,True
OPT10025,매물대집중요청,"[{'id': '시장구분', 'value': '000:전체, 001:코스피, 101:코스닥'}, {'id': '매물집중비율', 'value': '0~100 입력'}, {'id': '현재가진입', 'value': '0:현재가 매물대 집입 포함안함, 1:현재가 매물대 집입포함'}, {'id': '매물대수', 'value': '숫자입력'}, {'id': '주기구분', 'value': '50:50일, 100:100일, 150:150일, 200:200일, 250:250일, 300:300일'}]","['종목코드', '종목명', '현재가', '전일대비기호', '전일대비', '등락률', '현재거래량', '가격대시작', '가격대끝', '매물량', '매물비']",,True,True
opt10026,고저PER요청,"[{'id': 'PER구분', 'value': '1:코스피저PER, 2:코스피고PER, 3:코스닥저PER, 4:코스닥고PER'}]","['종목코드', '종목명', 'PER', '현재가', '전일대비기호', '전일대비', '등락률', '현재거래량', '매도호가']",,True,True
opt10027,전일대비등락률상위요청,"[{'id': '시장구분', 'value': '000:전체, 001:코스피, 101:코스닥'}, {'id': '정렬구분', 'value': '1:상승률, 2:상승폭, 3:하락률, 4:하락폭'}, {'id': '거래량조건', 'value': '0000:전체조회, 0010:만주이상, 0050:5만주이상, 0100:10만주이상, 0150:15만주이상, 0200:20만주이상, 0300:30만주이상, 0500:50만주이상, 1000:백만주이상'}, {'id': '종목조건', 'value': '0:전체조회, 1:관리종목제외, 4:우선주+관리주제외, 3:우선주제외, 5:증100제외, 6:증100만보기, 7:증40만보기, 8:증30만보기, 9:증20만보기, 11:정리매매종목제외'}, {'id': '신용조건', 'value': '0:전체조회, 1:신용융자A군, 2:신용융자B군, 3:신용융자C군, 4:신용융자D군, 9:신용융자전체'}, {'id': '상하한포함', 'value': '0:불 포함, 1:포함'}, {'id': '가격조건', 'value': '0:전체조회, 1:1천원미만, 2:1천원~2천원, 3:2천원~5천원, 4:5천원~1만원, 5:1만원이상, 8:1천원이상'}, {'id': '거래대금조건', 'value': '0:전체조회, 3:3천만원이상, 5:5천만원이상, 10:1억원이상, 30:3억원이상, 50:5억원이상, 100:10억원이상, 300:30억원이상, 500:50억원이상, 1000:100억원이상, 3000:300억원이상, 5000:500억원이상'}]","['종목분류', '종목코드', '종목명', '현재가', '전일대비기호', '전일대비', '등락률', '매도잔량', '매수잔량', '현재거래량', '체결강도', '횟수']",,True,True
opt10028,시가대비등락률요청,"[{'id': '정렬구분', 'value': '1:시가, 2:고가, 3:저가, 4:기준가'}, {'id': '거래량조건', 'value': '0000:전체조회, 0010:만주이상, 0050:5만주이상, 0100:10만주이상, 0500:50만주이상, 1000:백만주이상'}, {'id': '시장구분', 'value': '000:전체, 001:코스피, 101:코스닥'}, {'id': '상하한포함', 'value': '0:불 포함, 1:포함'}, {'id': '종목조건', 'value': '0:전체조회, 1:관리종목제외, 4:우선주+관리주제외, 3:우선주제외, 5:증100제외, 6:증100만보기, 7:증40만보기, 8:증30만보기, 9:증20만보기'}, {'id': '신용조건', 'value': '0:전체조회, 1:신용융자A군, 2:신용융자B군, 3:신용융자C군, 4:신용융자D군, 9:신용융자전체'}, {'id': '거래대금조건', 'value': '0:전체조회, 3:3천만원이상, 5:5천만원이상, 10:1억원이상, 30:3억원이상, 50:5억원이상, 100:10억원이상, 300:30억원이상, 500:50억원이상, 1000:100억원이상, 3000:300억원이상, 5000:500억원이상'}, {'id': '등락조건', 'value': '1:상위, 2:하위'}]","['종목코드', '종목명', '현재가', '전일대비기호', '전일대비', '등락률', '시가', '고가', '저가', '시가대비', '현재거래량', '체결강도']",,True,True
OPT10029,예상체결등락률상위요청,"[{'id': '시장구분', 'value': '000:전체, 001:코스피, 101:코스닥'}, {'id': '정렬구분', 'value': '1:상승률, 2:상승폭, 3:보합, 4:하락률,5:하락폭, 6, 체결량, 7:상한, 8:하한'}, {'id': '거래량조건', 'value': '0:전체조회, 1;천주이상, 3:3천주, 5:5천주, 10:만주이상, 50:5만주이상, 100:10만주이상'}, {'id': '종목조건', 'value': '0:전체조회, 1:관리종목제외, 3:우선주제외, 5:증100제외, 6:증100만보기, 7:증40만보기, 8:증30만보기, 9:증20만보기, 11:정리매매종목제외'}, {'id': '신용조건', 'value': '0:전체조회, 1:신용융자A군, 2:신용융자B군, 3:신용융자C군, 4:신용융자D군, 9:신용융자전체'}, {'id': '가격조건', 'value': '0:전체조회, 1:1천원미만, 2:1천원~2천원, 3:2천원~5천원, 4:5천원~1만원, 5:1만원이상, 8:1천원이상'}]","['종목코드', '종목명', '예상체결가', '기준가', '전일대비기호', '전일대비', '등락률', '예상체결량', '매도잔량', '매도호가', '매수잔량', '매수호가']",,True,True
opt10030,당일거래량상위요청,"[{'id': '시장구분', 'value': '000:전체, 001:코스피, 101:코스닥'}, {'id': '정렬구분', 'value': '1:거래량, 2:거래회전율, 3:거래대금'}, {'id': '관리종목포함', 'value': '0:관리종목 포함, 1:관리종목 미포함, 3:우선주제외, 11:정리매매종목제외, 4:관리종목, 우선주제외, 5:증100제외, 6:증100마나보기, 13:증60만보기, 12:증50만보기, 7:증40만보기, 8:증30만보기, 9:증20만보기, 14:ETF제외, 15:스팩제외, 16:ETF+ETN제외'}, {'id': '신용구분', 'value': '0:전체조회, 9:신용융자전체, 1:신용융자A군, 2:신용융자B군, 3:신용융자C군, 4:신용융자D군, 8:신용대주'}, {'id': '거래량구분', 'value': '0:전체조회, 5:5천주이상, 10:1만주이상, 50:5만주이상, 100:10만주이상, 200:20만주이상, 300:30만주이상, 500:500만주이상, 1000:백만주이상'}, {'id': '가격구분', 'value': '0:전체조회, 1:1천원미만, 2:1천원이상, 3:1천원~2천원, 4:2천원~5천원, 5:5천원이상, 6:5천원~1만원, 10:1만원미만, 7:1만원이상, 8:5만원이상, 9:10만원이상'}, {'id': '거래대금구분', 'value': '0:전체조회, 1:1천만원이상, 3:3천만원이상, 4:5천만원이상, 10:1억원이상, 30:3억원이상, 50:5억원이상, 100:10억원이상, 300:30억원이상, 500:50억원이상, 1000:100억원이상, 3000:300억원이상, 5000:500억원이상'}, {'id': '장운영구분', 'value': '0:전체조회, 1:장중, 2:장전시간외, 3:장후시간외'}]","['종목코드', '종목명', '현재가', '전일대비기호', '전일대비', '등락률', '거래량', '전일비', '거래회전율', '거래금액']",,True,True
OPT10031,전일거래량상위요청,"[{'id': '시장구분', 'value': '000:전체, 001:코스피, 101:코스닥'}, {'id': '조회구분', 'value': '1:전일거래량 상위100종목, 2:전일거래대금 상위100종목'}, {'id': '순위시작', 'value': '0 ~ 100 값 중에  조회를 원하는 순위 시작값'}, {'id': '순위끝', 'value': '0 ~ 100 값 중에  조회를 원하는 순위 끝값'}]","['종목코드', '종목명', '현재가', '전일대비기호', '전일대비', '거래량']",,True,True
OPT10032,거래대금상위요청,"[{'id': '시장구분', 'value': '000:전체, 001:코스피, 101:코스닥'}, {'id': '관리종목포함', 'value': '0:관리종목 미포함, 1:관리종목 포함'}]","['종목코드', '현재순위', '전일순위', '종목명', '현재가', '전일대비기호', '전일대비', '등락률', '매도호가', '매수호가', '현재거래량', '거래대금']",,True,True
opt10033,신용비율상위요청,"[{'id': '시장구분', 'value': '000:전체, 001:코스피, 101:코스닥'}, {'id': '거래량구분', 'value': '0:전체조회, 10:만주이상, 50:5만주이상, 100:10만주이상, 200:20만주이상, 300:30만주이상, 500:50만주이상, 1000:백만주이상'}, {'id': '종목조건', 'value': '0:전체조회, 1:관리종목제외, 5:증100제외, 6:증100만보기, 7:증40만보기, 8:증30만보기, 9:증20만보기'}, {'id': '상하한포함', 'value': '0:상하한 미포함, 1:상하한포함'}, {'id': '신용조건', 'value': '0:전체조회, 1:신용융자A군, 2:신용융자B군, 3:신용융자C군, 4:신용융자D군, 9:신용융자전체'}]","['종목정보', '종목코드', '종목명', '현재가', '전일대비기호', '전일대비', '등락률', '신용비율', '매도잔량', '매수잔량', '현재거래량']",,True,True
OPT10034,외인기간별매매상위요청,"[{'id': '시장구분', 'value': '000:전체, 001:코스피, 101:코스닥'}, {'id': '매매구분', 'value': '1:순매도, 2:순매수, 3:순매매'}, {'id': '기간', 'value': '0:당일, 1:전일, 5:5일, 10;10일, 20:20일, 60:60일'}]","['순위', '종목코드', '종목명', '현재가', '전일대비기호', '전일대비', '매도호가', '매수호가', '거래량', '순매수량', '취득가능주식수']",,True,True
OPT10035,외인연속순매매상위요청,"[{'id': '시장구분', 'value': '000:전체, 001:코스피, 101:코스닥'}, {'id': '매매구분', 'value': '1:연속순매도, 2:연속순매수'}, {'id': '기준일구분', 'value': '0:당일기준, 1:전일기준'}]","['종목코드', '종목명', '현재가', '전일대비기호', '전일대비', 'D-1', 'D-2', 'D-3', '합계', '한도소진율', '전일대비1', '전일대비2', '전일대비3']",,True,True
OPT10036,외인한도소진율증가상위,"[{'id': '시장구분', 'value': '000:전체, 001:코스피, 101:코스닥'}, {'id': '기간', 'value': '0:당일, 1:전일, 5:5일, 10;10일, 20:20일, 60:60일'}]","['순위', '종목코드', '종목명', '현재가', '전일대비기호', '전일대비', '거래량', '보유주식수', '취득가능주식수', '기준한도소진율', '한도소진율', '소진율증가']",,True,True
opt10037,외국계창구매매상위요청,"[{'id': '시장구분', 'value': '000:전체, 001:코스피, 101:코스닥'}, {'id': '기간', 'value': '0:당일, 1:전일, 5:5일, 10;10일, 20:20일, 60:60일'}, {'id': '매매구분', 'value': '1:순매수, 2:순매도, 3:매수, 4:매도'}, {'id': '정렬구분', 'value': '1:금액, 2:수량'}, {'id': '현재가조건', 'value': None}]","['순위', '종목코드', '종목명', '현재가', '전일대비기호', '전일대비', '등락율', '매도거래량', '매수거래량', '순매수거래량', '순매수대금', '거래량', '거래대금']",,True,True
opt10038,종목별증권사순위요청,"[{'id': '종목코드', 'value': '전문 조회할 종목코드'}, {'id': '시작일자', 'value': 'YYYYMMDD (20160101 연도4자리, 월 2자리, 일 2자리 형식)'}, {'id': '종료일자', 'value': 'YYYYMMDD (20160101 연도4자리, 월 2자리, 일 2자리 형식)'}, {'id': '조회구분', 'value': '1:순매도순위정렬, 2:순매수순위정렬'}, {'id': '기간', 'value': '1:전일, 4:5일, 9:10일, 19:20일, 39:40일, 59:60일, 119:120일'}]","['순위', '회원사명', '매수수량', '매도수량', '누적순매수수량']",,True,True
OPT10039,증권사별매매상위요청,"[{'id': '회원사코드', 'value': '회원사 코드는 OPT10042 조회 또는 GetBranchCodeName()함수사용'}, {'id': '거래량구분', 'value': '0:전체, 5:5000주, 10:1만주, 50:5만주, 100:10만주, 500:50만주, 1000: 100만주'}, {'id': '매매구분', 'value': '1:순매수, 2:순매도'}, {'id': '기간', 'value': '1:전일, 5:5일, 10:10일, 60:60일'}]","['순위', '종목코드', '종목명', '기간중주가등락', '등락율', '기간중거래량', '순매수', '매수거래량', '매도거래량']",,True,True
opt10040,당일주요거래원요청,"[{'id': '종목코드', 'value': '전문 조회할 종목코드'}]","['매수거래원별증감1', '매수거래원별증감2', '매수거래원별증감3', '매수거래원별증감4', '매수거래원별증감5', '매수거래원수량1', '매수거래원수량2', '매수거래원수량3', '매수거래원수량4', '매수거래원수량5', '매수거래원1', '매수거래원2', '매수거래원3', '매수거래원4', '매수거래원5', '매수거래원코드1', '매수거래원코드2', '매수거래원코드3', '매수거래원코드4', '매수거래원코드5', '매도거래원별증감1', '매도거래원별증감2', '매도거래원별증감3', '매도거래원별증감4', '매도거래원별증감5', '매도거래원수량1', '매도거래원수량2', '매도거래원수량3', '매도거래원수량4', '매도거래원수량5', '매도거래원1', '매도거래원2', '매도거래원3', '매도거래원4', '매도거래원5', '매도거래원코드1', '매도거래원코드2', '매도거래원코드3', '매도거래원코드4', '매도거래원코드5', '외국계매수추정합변동', '외국계매수추정합', '외국계매도추정합변동', '외국계매도추정합']", 1분 집계자료에 의해 제공됨,True,True
opt10041,조기종료통화단위요청,"[{'id': '종목코드', 'value': '전문 조회할 종목코드'}, {'id': '영웅클럽구분', 'value': None}]",, 이 TR은 더이상 지원하지 않는 TR입니다.,False,False
opt10042,순매수거래원순위요청,"[{'id': '종목코드', 'value': '전문 조회할 종목코드'}, {'id': '시작일자', 'value': 'YYYYMMDD (20160101 연도4자리, 월 2자리, 일 2자리 형식)'}, {'id': '종료일자', 'value': 'YYYYMMDD (20160101 연도4자리, 월 2자리, 일 2자리 형식)'}, {'id': '조회기간구분', 'value': '0:기간으로 조회, 1:시작일자, 종료일자로 조회'}, {'id': '시점구분', 'value': '0:당일, 1:전일'}, {'id': '기간', 'value': '5:5일, 10:10일, 20:20일, 40:40일, 60:60일, 120:120일'}, {'id': '정렬기준', 'value': '1:종가순, 2:날짜순'}]","['일자', '종가', '대비기호', '전일대비', '매도량', '매수량', '순매수수량', '거래량합', '거래비중']",,True,True
opt10043,거래원매물대분석요청,"[{'id': '종목코드', 'value': '전문 조회할 종목코드'}, {'id': '시작일자', 'value': 'YYYYMMDD (20160101 연도4자리, 월 2자리, 일 2자리 형식)'}, {'id': '종료일자', 'value': 'YYYYMMDD (20160101 연도4자리, 월 2자리, 일 2자리 형식)'}, {'id': '조회기간구분', 'value': '0:기간으로 조회, 1:시작일자, 종료일자로 조회'}, {'id': '시점구분', 'value': '0:당일, 1:전일'}, {'id': '기간', 'value': '5:5일, 10:10일, 20:20일, 40:40일, 60:60일, 120:120일'}, {'id': '정렬기준', 'value': '1:종가순, 2:날짜순'}, {'id': '회원사코드', 'value': '회원사 코드는 OPT10042 조회 또는 GetBranchCodeName()함수사용'}]","['종목코드', '종목명', '순매수수량', '순매수금액', '추정평균가', '현재가', '평균가대비', '대비율']",,True,True
OPT10044,일별기관매매종목요청,"[{'id': '시작일자', 'value': 'YYYYMMDD (20160101 연도4자리, 월 2자리, 일 2자리 형식)'}, {'id': '종료일자', 'value': 'YYYYMMDD (20160101 연도4자리, 월 2자리, 일 2자리 형식)'}, {'id': '매매구분', 'value': '0:전체, 1:순매도, 2:순매수'}, {'id': '시장구분', 'value': '001:코스피, 101:코스닥'}]","['종목코드', '종목명', '순매수수량', '순매수금액', '추정평균가', '현재가', '평균가대비', '대비율']",,True,True
opt10045,종목별기관매매추이요청,"[{'id': '종목코드', 'value': '전문 조회할 종목코드'}, {'id': '시작일자', 'value': 'YYYYMMDD (20160101 연도4자리, 월 2자리, 일 2자리 형식)'}, {'id': '종료일자', 'value': 'YYYYMMDD (20160101 연도4자리, 월 2자리, 일 2자리 형식)'}, {'id': '기관추정단가구분', 'value': '1:매수단가, 2:매도단가'}, {'id': '외인추정단가구분', 'value': '1:매수단가, 2:매도단가'}, {'id': '누적기간', 'value': '사용안함'}, {'id': '기간구분', 'value': '사용안함'}]","['일자', '종가', '대비기호', '전일대비', '등락율', '거래량', '기관기간누적', '기관일별순매매수량', '외인기간누적', '외인일별순매매수량', '한도소진율']",,True,True
opt10046,체결강도추이시간별요청,"[{'id': '종목코드', 'value': '전문 조회할 종목코드'}, {'id': '틱구분', 'value': '설정값 1'}, {'id': '체결강도구분', 'value': '설정값 1'}]","['체결시간', '현재가', '전일대비', '전일대비기호', '등락율', '거래량', '누적거래대금', '누적거래량', '체결강도', '체결강도5분', '체결강도20분', '체결강도60분']",,True,True
opt10047,체결강도추이일별요청,"[{'id': '종목코드', 'value': '전문 조회할 종목코드'}, {'id': '틱구분', 'value': '설정값 1'}, {'id': '체결강도구분', 'value': '설정값 1'}]","['일자', '현재가', '전일대비', '전일대비기호', '등락율', '거래량', '누적거래대금', '누적거래량', '체결강도', '체결강도5분', '체결강도20분', '체결강도60분']",,True,True
OPT10048,ELW일별민감도지표요청,"[{'id': '종목코드', 'value': '전문 조회할 종목코드'}]",,,True,True
OPT10049,ELW투자지표요청,"[{'id': '연속구분', 'value': None}, {'id': '연속키', 'value': None}, {'id': '종목코드', 'value': None}]",,,True,True
OPT10050,ELW민감도지표요청,"[{'id': '종목코드', 'value': '전문 조회할 종목코드'}]",,,True,True
OPT10051,업종별투자자순매수요청,"[{'id': '시장구분', 'value': '코스피:0, 코스닥:1'}, {'id': '금액수량구분', 'value': '금액:0, 수량:1'}, {'id': '기준일자', 'value': 'YYYYMMDD (20170101 연도4자리, 월 2자리, 일 2자리 형식)'}]","['업종코드', '업종명', '현재가', '대비부호', '전일대비', '등락율', '거래량', '증권순매수', '보험순매수', '투신순매수', '은행순매수', '종신금순매수', '기금순매수', '기타법인순매수', '개인순매수', '외국인순매수', '내국인대우외국인순매수', '국가순매수', '사모펀드순매수', '기관계순매수']",,True,True
opt10052,거래원순간거래량요청,"[{'id': '회원사코드', 'value': '회원사 코드는 OPT10042 조회 또는 GetBranchCodeName()함수사용'}, {'id': '종목코드', 'value': None}, {'id': '시장구분', 'value': '0:전체, 1:코스피, 2:코스닥, 3:종목'}, {'id': '수량구분', 'value': '0:전체, 1:1000주, 2:2000주, 3:, 5:, 10:10000주, 30: 30000주, 50: 50000주, 100: 100000주'}, {'id': '가격구분', 'value': '0:전체, 1:1천원 미만, 8:1천원 이상, 2:1천원 ~ 2천원, 3:2천원 ~ 5천원, 4:5천원 ~ 1만원, 5:1만원 이상'}]","['시간', '종목코드', '종목명', '거래원명', '구분', '순간거래량', '누적순매수', '현재가', '전일대비기호', '전일대비', '전일대비']",,True,True
opt10053,당일상위이탈원요청,"[{'id': '종목코드', 'value': '전문 조회할 종목코드'}]",,,True,True
opt10054,변동성완화장치발동종목요청,"[{'id': '시장구분', 'value': '000:전체, 001: 코스피, 101:코스닥'}, {'id': '장전구분', 'value': '0:전체,\t1:정규시장,2:시간외단일가'}, {'id': '종목코드', 'value': '전문 조회할 종목코드'}, {'id': '발동구분', 'value': '0:전체, 1:정적VI, 2:동적VI, 3:동적VI + 정적VI'}, {'id': '제외종목', 'value': '전종목포함 조회시 9개 0으로 설정(000000000),전종목제외 조회시 9개 1으로 설정(111111111),9개 종목조회여부를 조회포함(0), 조회제외(1)로 설정하며 종목순서는 우선주,관리종목,투자경고/위험,투자주의,환기종목,단기과열종목,증거금100%,ETF,ETN가 됨.우선주만 조회시""011111111"", 관리종목만 조회시 ""101111111"" 설정'}, {'id': '거래량구분', 'value': '0:사용안함, 1:사용'}, {'id': '최소거래량', 'value': ""0 주 이상, 거래량구분이 '1'일때만 입력(공백허용)""}, {'id': '최대거래량', 'value': ""100000000 주 이하, 거래량구분이 '1'일때만 입력(공백허용)""}, {'id': '거래대금구분', 'value': '0:사용안함, 1:사용'}, {'id': '최소거래대금', 'value': ""0 백만원 이상, 거래대금구분 '1'일때만 입력(공백허용)""}, {'id': '최대거래대금', 'value': ""100000000 백만원 이하, 거래대금구분 '1'일때만 입력(공백허용)""}, {'id': '발동방향', 'value': '0:전체, 1:상승, 2:하락'}]","['종목코드', '종목명', '누적거래량', '발동가격', '동적괴리율', '매매체결처리시각', 'VI해제시각', 'VI적용구분', '동적기준가격', '정적기준가격', '정적괴리율', '시가대비등락률', 'VI발동횟수']",,True,True
opt10055,당일전일체결대량요청,"[{'id': '종목코드', 'value': '전문 조회할 종목코드'}, {'id': '당일전일', 'value': '1:당일,\t2:전일'}]","['체결시간', '체결가', '전일대비기호', '전일대비', '등락율', '체결량', '누적거래량', '누적거래대금']",,True,True
OPT10058,투자자별일별매매종목요청,"[{'id': '시작일자', 'value': 'YYYYMMDD (20160101 연도4자리, 월 2자리, 일 2자리 형식)'}, {'id': '종료일자', 'value': 'YYYYMMDD (20160101 연도4자리, 월 2자리, 일 2자리 형식)'}, {'id': '매매구분', 'value': '전체:순매수(2)/순매도(1) 각각조회해서 비교, 순매도:1, 순매수:2'}, {'id': '시장구분', 'value': '001:코스피, 101:코스닥'}, {'id': '투자자구분', 'value': '8000:개인, 9000:외국인, 1000:금융투자, 3000:투신, 5000:기타금융, 4000:은행, 2000:보험, 6000:연기금, 7000:국가, 7100:기타법인, 9999:기관계'}]","['종목코드', '종목명', '순매도수량', '순매도금액', '추정평균가', '현재가', '대비기호', '전일대비', '평균가대비', '대비율', '기간거래량']",,True,True
opt10059,종목별투자자기관별요청,"[{'id': '일자', 'value': 'YYYYMMDD (20160101 연도4자리, 월 2자리, 일 2자리 형식)'}, {'id': '종목코드', 'value': '전문 조회할 종목코드'}, {'id': '금액수량구분', 'value': '1:금액, 2:수량'}, {'id': '매매구분', 'value': '0:순매수, 1:매수, 2:매도'}, {'id': '단위구분', 'value': '1000:천주, 1:단주'}]","['일자', '현재가', '대비기호', '전일대비', '등락율', '누적거래량', '누적거래대금', '개인투자자', '외국인투자자', '기관계', '금융투자', '보험', '투신', '기타금융', '은행', '연기금등', '사모펀드', '국가', '기타법인', '내외국인']",,True,True
opt10060,종목별투자자기관별차트요청,"[{'id': '일자', 'value': 'YYYYMMDD (20160101 연도4자리, 월 2자리, 일 2자리 형식)'}, {'id': '종목코드', 'value': '전문 조회할 종목코드'}, {'id': '금액수량구분', 'value': '1:금액, 2:수량'}, {'id': '매매구분', 'value': '0:순매수, 1:매수, 2:매도'}, {'id': '단위구분', 'value': '1000:천주, 1:단주'}]","['일자', '현재가', '전일대비', '누적거래대금', '개인투자자', '외국인투자자', '기관계', '금융투자', '보험', '투신', '기타금융', '은행', '연기금등', '사모펀드', '국가', '기타법인', '내외국인']",,True,True
opt10061,종목별투자자기관별합계요청,"[{'id': '종목코드', 'value': '전문 조회할 종목코드'}, {'id': '시작일자', 'value': 'YYYYMMDD (20160101 연도4자리, 월 2자리, 일 2자리 형식)'}, {'id': '종료일자', 'value': 'YYYYMMDD (20160101 연도4자리, 월 2자리, 일 2자리 형식)'}, {'id': '금액수량구분', 'value': '1:금액, 2:수량'}, {'id': '매매구분', 'value': '0:순매수, 1:매수, 2:매도'}, {'id': '단위구분', 'value': '1000:천주, 1:단주'}]",,,True,True
opt10062,동일순매매순위요청,"[{'id': '시작일자', 'value': 'YYYYMMDD (20160101 연도4자리, 월 2자리, 일 2자리 형식)'}, {'id': '종료일자', 'value': 'YYYYMMDD (20160101 연도4자리, 월 2자리, 일 2자리 형식)'}, {'id': '시장구분', 'value': '000:전체, 001: 코스피, 101:코스닥'}, {'id': '매매구분', 'value': '1:순매수, 2:순매도'}, {'id': '정렬조건', 'value': '1:수량, 2:금액'}, {'id': '단위구분', 'value': '1:단주, 1000:천주'}]",,,True,True
opt10063,장중투자자별매매요청,"[{'id': '시장구분', 'value': '000:전체, 001:코스피, 101:코스닥'}, {'id': '금액수량구분', 'value': '1:금액, 2:수량'}, {'id': '투자자별', 'value': '6:외국인, 7:기관계, 1:투신, 0:보험, 2:은행, 3:연기금, 4:국가, 5:기타법인'}, {'id': '외국계전체', 'value': '1:체크, 0:언체크'}, {'id': '동시순매수구분', 'value': '1:체크, 0:언체크'}]",,,True,True
opt10064,장중투자자별매매차트요청,"[{'id': '시장구분', 'value': '000:전체, 001:코스피, 101:코스닥'}, {'id': '금액수량구분', 'value': '1:금액, 2:수량'}, {'id': '매매구분', 'value': '0:순매수, 1:매수, 2:매도'}, {'id': '종목코드', 'value': '전문 조회할 종목코드'}]","['시간', '외국인투자자', '기관계', '투신', '보험', '은행', '연기금등', '기타법인', '국가']",,True,True
OPT10065,장중투자자별매매상위요청,"[{'id': '매매구분', 'value': '1:순매수, 2:순매도'}, {'id': '시장구분', 'value': '000:전체, 001:코스피, 101:코스닥'}, {'id': '기관구분', 'value': '9000:외국인, 9100:외국계, 1000:금융투자, 3000:투신, 5000:기타금융, 4000:은행, 2000:보험, 6000:연기금, 7000:국가, 7100:기타법인, 9999:기관계'}]","['종목코드', '종목명', '매도량', '매수량', '순매도']",,True,True
opt10066,장중투자자별매매차트요청,"[{'id': '시장구분', 'value': '000:전체, 001:코스피, 101:코스닥'}, {'id': '금액수량구분', 'value': '1:금액, 2:수량'}, {'id': '매매구분', 'value': '0:순매수, 1:매수, 2:매도'}, {'id': '종목코드', 'value': '전문 조회할 종목코드'}]","['종목코드', '종목명', '현재가', '대비기호', '전일대비', '등락률', '거래량', '개인투자자', '외국인투자자', '기관계', '금융투자', '보험', '투신', '기타금융', '은행', '연기금등', '사모펀드', '국가', '기타법인']",,True,True
OPT10067,대차거래내역요청,"[{'id': '기준일자', 'value': 'YYYYMMDD (20160101 연도4자리, 월 2자리, 일 2자리 형식)'}, {'id': '시장구분', 'value': '001:코스피, 101:코스닥'}]",,,True,True
OPT10068,대차거래추이요청,"[{'id': '시작일자', 'value': 'YYYYMMDD (20160101 연도4자리, 월 2자리, 일 2자리 형식)'}, {'id': '종료일자', 'value': 'YYYYMMDD (20160101 연도4자리, 월 2자리, 일 2자리 형식)'}, {'id': '전체구분', 'value': '1: 전체표시, 0:종목코드 (지원안함. OPT20068사용).'}, {'id': '종목코드', 'value': '전문 조회할 종목코드'}]",,,True,True
OPT10069,대차거래상위10종목요청,"[{'id': '시작일자', 'value': 'YYYYMMDD (20160101 연도4자리, 월 2자리, 일 2자리 형식)'}, {'id': '종료일자', 'value': 'YYYYMMDD (20160101 연도4자리, 월 2자리, 일 2자리 형식)'}, {'id': '시장구분', 'value': '001:코스피, 101:코스닥'}]",,,True,True
opt10070,당일주요거래원요청,"[{'id': '종목코드', 'value': '전문 조회할 종목코드'}]","['매수거래원별증감1', '매수거래원별증감2', '매수거래원별증감3', '매수거래원별증감4', '매수거래원별증감5', '매수거래원수량1', '매수거래원수량2', '매수거래원수량3', '매수거래원수량4', '매수거래원수량5', '매수거래원1', '매수거래원2', '매수거래원3', '매수거래원4', '매수거래원5', '매수거래원코드1', '매수거래원코드2', '매수거래원코드3', '매수거래원코드4', '매수거래원코드5', '매도거래원별증감1', '매도거래원별증감2', '매도거래원별증감3', '매도거래원별증감4', '매도거래원별증감5', '매도거래원수량1', '매도거래원수량2', '매도거래원수량3', '매도거래원수량4', '매도거래원수량5', '매도거래원1', '매도거래원2', '매도거래원3', '매도거래원4', '매도거래원5', '매도거래원코드1', '매도거래원코드2', '매도거래원코드3', '매도거래원코드4', '매도거래원코드5', '외국계매수추정합변동', '외국계매수추정합', '외국계매도추정합변동', '외국계매도추정합']",,True,True
OPT10071,시간대별전일비거래비중요청,"[{'id': '종목코드', 'value': '전문 조회할 종목코드'}, {'id': '시간구분', 'value': '1:1분,3:3분,5:5분,10:10분,15:15분,30:30분,60:60분'}]","['시간', '현재가', '대비기호', '전일대비', '대비율', '체결거래량', '누적거래량', '순간비율', '누적비율']",,True,True
OPT10072,일자별종목별실현손익요청,"[{'id': '계좌번호', 'value': '전문 조회할 보유계좌번호'}, {'id': '종목코드', 'value': '전문 조회할 종목코드'}, {'id': '시작일자', 'value': 'YYYYMMDD (20160101 연도4자리, 월 2자리, 일 2자리 형식)'}]","['일자', '당일hts매도수수료', '종목명', '체결량', '매입단가', '체결가', '당일매도손익', '손익율', '종목코드', '당일매매수수료', '당일매매세금', '인출가능금액', '대출일', '신용구분', '종목코드1', '당일매도손익1']",,True,True
opt10073,일자별종목별실현손익요청,"[{'id': '계좌번호', 'value': '전문 조회할 보유계좌번호'}, {'id': '종목코드', 'value': '전문 조회할 종목코드'}, {'id': '시작일자', 'value': 'YYYYMMDD (20160101 연도4자리, 월 2자리, 일 2자리 형식)'}, {'id': '종료일자', 'value': 'YYYYMMDD (20160101 연도4자리, 월 2자리, 일 2자리 형식)'}]","['일자', '당일hts매도수수료', '종목명', '체결량', '매입단가', '체결가', '당일매도손익', '손익율', '종목코드', '당일매매수수료', '당일매매세금', '인출가능금액', '대출일', '신용구분']",,True,True
opt10074,일자별실현손익요청,"[{'id': '계좌번호', 'value': '전문 조회할 보유계좌번호'}, {'id': '시작일자', 'value': 'YYYYMMDD (20160101 연도4자리, 월 2자리, 일 2자리 형식)'}, {'id': '종료일자', 'value': 'YYYYMMDD (20160101 연도4자리, 월 2자리, 일 2자리 형식)'}]","['일자', '매수금액', '매도금액', '당일매도손익', '당일매도수수료', '당일매매세금']",,True,True
opt10075,실시간미체결요청,"[{'id': '계좌번호', 'value': '전문 조회할 보유계좌번호'}, {'id': '전체종목구분', 'value': '0:전체, 1:종목'}, {'id': '매매구분', 'value': '0:전체, 1:매도, 2:매수'}, {'id': '종목코드', 'value': '전문 조회할 종목코드'}, {'id': '체결구분', 'value': '0:전체, 2:체결, 1:미체결'}]","['계좌번호', '주문번호', '관리사번', '종목코드', '업무구분', '주문상태', '종목명', '주문수량', '주문가격', '미체결수량', '체결누계금액', '원주문번호', '주문구분', '매매구분', '시간', '체결번호', '체결가', '체결량', '현재가', '매도호가', '매수호가', '단위체결가', '단위체결량', '당일매매수수료', '당일매매세금', '개인투자자']",,True,True
opt10076,실시간체결요청,"[{'id': '종목코드', 'value': '전문 조회할 종목코드'}, {'id': '조회구분', 'value': '0:전체, 1:종목'}, {'id': '매도수구분', 'value': '0:전체, 1:매도, 2:매수'}, {'id': '계좌번호', 'value': '전문 조회할 보유계좌번호'}, {'id': '비밀번호', 'value': '사용안함(공백)'}, {'id': '주문번호', 'value': '조회할 주문번호'}, {'id': '체결구분', 'value': '0:전체, 2:체결, 1:미체결'}]","['주문번호', '종목명', '주문구분', '주문수량', '체결가', '체결량', '미체결수량', '당일매매수수료', '당일매매세금', '주문상태', '매매구분', '원주문번호', '주문시간', '종목코드']",,True,True
opt10077,당일실현손익상세요청,"[{'id': '계좌번호', 'value': '전문 조회할 보유계좌번호'}, {'id': '비밀번호', 'value': '사용안함(공백)'}, {'id': '종목코드', 'value': '전문 조회할 종목코드'}]","['종목명', '체결량', '매입단가', '체결가', '당일매도손익', '손익율', '당일매매수수료', '당일매매세금', '종목코드']",,True,True
OPT10078,증권사별종목매매동향요청,"[{'id': '회원사코드', 'value': '회원사 코드는 OPT10042 조회 또는 GetBranchCodeName()함수사용'}, {'id': '종목코드', 'value': '전문 조회할 종목코드'}, {'id': '시작일자', 'value': 'YYYYMMDD (20160101 연도4자리, 월 2자리, 일 2자리 형식)'}, {'id': '종료일자', 'value': 'YYYYMMDD (20160101 연도4자리, 월 2자리, 일 2자리 형식)'}]",,,True,True
opt10079,주식틱차트조회요청,"[{'id': '종목코드', 'value': '전문 조회할 종목코드'}, {'id': '틱범위', 'value': '1:1틱, 3:3틱, 5:5틱, 10:10틱, 30:30틱'}, {'id': '수정주가구분', 'value': '0 or 1, 수신데이터 1:유상증자, 2:무상증자, 4:배당락, 8:액면분할, 16:액면병합, 32:기업합병, 64:감자, 256:권리락'}]","['현재가', '거래량', '체결시간', '시가', '고가', '저가', '수정주가구분', '수정비율', '대업종구분', '소업종구분', '종목정보', '수정주가이벤트', '전일종가']"," 데이터 건수를 지정할 수 업고, 데이터 유무에따라 한번에 최대 900개가 조회됩니다.",True,True
opt10080,주식분봉차트조회요청,"[{'id': '종목코드', 'value': '전문 조회할 종목코드'}, {'id': '틱범위', 'value': '1:1분, 3:3분, 5:5분, 10:10분, 15:15분, 30:30분, 45:45분, 60:60분'}, {'id': '수정주가구분', 'value': '0 or 1, 수신데이터 1:유상증자, 2:무상증자, 4:배당락, 8:액면분할, 16:액면병합, 32:기업합병, 64:감자, 256:권리락'}]","['현재가', '거래량', '체결시간', '시가', '고가', '저가', '수정주가구분', '수정비율', '대업종구분', '소업종구분', '종목정보', '수정주가이벤트', '전일종가']"," 데이터 건수를 지정할 수 업고, 데이터 유무에따라 한번에 최대 900개가 조회됩니다.",True,True
opt10081,주식일봉차트조회요청,"[{'id': '종목코드', 'value': '전문 조회할 종목코드'}, {'id': '기준일자', 'value': 'YYYYMMDD (20160101 연도4자리, 월 2자리, 일 2자리 형식)'}, {'id': '수정주가구분', 'value': '0 or 1, 수신데이터 1:유상증자, 2:무상증자, 4:배당락, 8:액면분할, 16:액면병합, 32:기업합병, 64:감자, 256:권리락'}]","['종목코드', '현재가', '거래량', '거래대금', '일자', '시가', '고가', '저가', '수정주가구분', '수정비율', '대업종구분', '소업종구분', '종목정보', '수정주가이벤트', '전일종가']"," 데이터 건수를 지정할 수 업고, 데이터 유무에따라 한번에 최대 600개가 조회됩니다.",True,True
opt10082,주식주봉차트조회요청,"[{'id': '종목코드', 'value': '전문 조회할 종목코드'}, {'id': '기준일자', 'value': 'YYYYMMDD (20160101 연도4자리, 월 2자리, 일 2자리 형식)'}, {'id': '끝일자', 'value': None}, {'id': '수정주가구분', 'value': '0 or 1, 수신데이터 1:유상증자, 2:무상증자, 4:배당락, 8:액면분할, 16:액면병합, 32:기업합병, 64:감자, 256:권리락'}]","['현재가', '거래량', '거래대금', '일자', '시가', '고가', '저가', '수정주가구분', '수정비율', '대업종구분', '소업종구분', '종목정보', '수정주가이벤트', '전일종가']"," 데이터 건수를 지정할 수 업고, 데이터 유무에따라 한번에 최대 300개가 조회됩니다.",True,True
opt10083,주식월봉차트조회요청,"[{'id': '종목코드', 'value': '전문 조회할 종목코드'}, {'id': '기준일자', 'value': 'YYYYMMDD (20160101 연도4자리, 월 2자리, 일 2자리 형식)'}, {'id': '끝일자', 'value': None}, {'id': '수정주가구분', 'value': '0 or 1, 수신데이터 1:유상증자, 2:무상증자, 4:배당락, 8:액면분할, 16:액면병합, 32:기업합병, 64:감자, 256:권리락'}]","['현재가', '거래량', '거래대금', '일자', '시가', '고가', '저가', '수정주가구분', '수정비율', '대업종구분', '소업종구분', '종목정보', '수정주가이벤트', '전일종가']"," 데이터 건수를 지정할 수 업고, 데이터 유무에따라 한번에 최대 240개가 조회됩니다.",True,True
opt10084,당일전일체결요청,"[{'id': '종목코드', 'value': '전문 조회할 종목코드'}, {'id': '당일전일', 'value': '당일 : 1, 전일 : 2'}, {'id': '틱분', 'value': '틱 : 0 , 분 : 1'}, {'id': '시간', 'value': ""조회시간 4자리, 오전 9시일 경우 '0900', 오후 2시 30분일 경우 '1430'""}]","['시간', '현재가', '전일대비', '대비율', '우선매도호가단위', '우선매수호가단위', '체결거래량', 'sign', '누적거래량', '누적거래대금', '체결강도']",,True,True
opt10085,계좌수익률요청,"[{'id': '계좌번호', 'value': '전문 조회할 보유계좌번호'}]","['일자', '종목코드', '종목명', '현재가', '매입가', '매입금액', '보유수량', '당일매도손익', '당일매매수수료', '당일매매세금', '신용구분', '대출일', '결제잔고', '청산가능수량', '신용금액', '신용이자', '만기일']",,True,True
opt10086,일별주가요청,"[{'id': '종목코드', 'value': '전문 조회할 종목코드'}, {'id': '조회일자', 'value': 'YYYYMMDD (20160101 연도4자리, 월 2자리, 일 2자리 형식)'}, {'id': '표시구분', 'value': '0:수량, 1:금액(백만원)'}]","['날짜', '시가', '고가', '저가', '종가', '전일비', '등락률', '거래량', '금액(백만)', '신용비', '개인', '기관', '외인수량', '외국계', '프로그램', '외인비', '체결강도', '외인보유', '외인비중', '외인순매수', '기관순매수', '개인순매수', '신용잔고율']",,True,True
opt10087,시간외단일가요청,"[{'id': '종목코드', 'value': '전문 조회할 종목코드'}]",, 호가잔량기준시간은 시간외거래에대한 시간이 아닌 정규장시간 값임,True,True
opt10094,주식년봉차트조회요청,"[{'id': '종목코드', 'value': '전문 조회할 종목코드'}, {'id': '기준일자', 'value': 'YYYYMMDD (20160101 연도4자리, 월 2자리, 일 2자리 형식)'}, {'id': '끝일자', 'value': 'YYYYMMDD (20160101 연도4자리, 월 2자리, 일 2자리 형식)'}, {'id': '수정주가구분', 'value': '0 or 1, 수신데이터 1:유상증자, 2:무상증자, 4:배당락, 8:액면분할, 16:액면병합, 32:기업합병, 64:감자, 256:권리락'}]","['현재가', '거래량', '거래대금', '일자', '시가', '고가', '저가', '수정주가구분', '수정비율', '대업종구분', '소업종구분', '종목정보', '수정주가이벤트', '전일종가']",,True,True
opt20001,업종현재가요청,"[{'id': '시장구분', 'value': '0:코스피, 1:코스닥, 2:코스피200'}, {'id': '업종코드', 'value': '001:종합(KOSPI), 002:대형주, 003:중형주, 004:소형주 101:종합(KOSDAQ), 201:KOSPI200, 302:KOSTAR, 701: KRX100 나머지 ※ 업종코드 참고'}]",,,True,True
OPT20002,업종별주가요청,"[{'id': '시장구분', 'value': '0:코스피, 1:코스닥, 2:코스피200'}, {'id': '업종코드', 'value': '001:종합(KOSPI), 002:대형주, 003:중형주, 004:소형주 101:종합(KOSDAQ), 201:KOSPI200, 302:KOSTAR, 701: KRX100 나머지 ※ 업종코드 참고'}]",,,True,True
opt20003,전업종지수요청,"[{'id': '업종코드', 'value': '001:종합(KOSPI), 002:대형주, 003:중형주, 004:소형주 101:종합(KOSDAQ), 201:KOSPI200, 302:KOSTAR, 701: KRX100 나머지 ※ 업종코드 참고'}]",,,True,True
opt20004,업종틱차트조회요청,"[{'id': '업종코드', 'value': '001:종합(KOSPI), 002:대형주, 003:중형주, 004:소형주 101:종합(KOSDAQ), 201:KOSPI200, 302:KOSTAR, 701: KRX100 나머지 ※ 업종코드 참고'}, {'id': '틱범위', 'value': '1:1틱, 3:3틱, 5:5틱, 10:10틱, 30:30틱'}]",," 데이터 건수를 지정할 수 업고, 데이터 유무에따라 한번에 최대 900개가 조회됩니다.",True,True
opt20005,업종분봉조회요청,"[{'id': '업종코드', 'value': '001:종합(KOSPI), 002:대형주, 003:중형주, 004:소형주 101:종합(KOSDAQ), 201:KOSPI200, 302:KOSTAR, 701: KRX100 나머지 ※ 업종코드 참고'}, {'id': '틱범위', 'value': '1:1틱, 3:3틱, 5:5틱, 10:10틱, 30:30틱'}]",," 데이터 건수를 지정할 수 업고, 데이터 유무에따라 한번에 최대 900개가 조회됩니다.",True,True
opt20006,업종일봉조회요청,"[{'id': '업종코드', 'value': '001:종합(KOSPI), 002:대형주, 003:중형주, 004:소형주 101:종합(KOSDAQ), 201:KOSPI200, 302:KOSTAR, 701: KRX100 나머지 ※ 업종코드 참고'}, {'id': '기준일자', 'value': 'YYYYMMDD (20160101 연도4자리, 월 2자리, 일 2자리 형식)'}]",," 데이터 건수를 지정할 수 업고, 데이터 유무에따라 한번에 최대 600개가 조회됩니다.",True,True
opt20007,업종주봉조회요청,"[{'id': '업종코드', 'value': '001:종합(KOSPI), 002:대형주, 003:중형주, 004:소형주 101:종합(KOSDAQ), 201:KOSPI200, 302:KOSTAR, 701: KRX100 나머지 ※ 업종코드 참고'}, {'id': '기준일자', 'value': 'YYYYMMDD (20160101 연도4자리, 월 2자리, 일 2자리 형식)'}]",," 데이터 건수를 지정할 수 업고, 데이터 유무에따라 한번에 최대 300개가 조회됩니다.",True,True
opt20008,업종월봉조회요청,"[{'id': '업종코드', 'value': '001:종합(KOSPI), 002:대형주, 003:중형주, 004:소형주 101:종합(KOSDAQ), 201:KOSPI200, 302:KOSTAR, 701: KRX100 나머지 ※ 업종코드 참고'}, {'id': '기준일자', 'value': 'YYYYMMDD (20160101 연도4자리, 월 2자리, 일 2자리 형식)'}]",," 데이터 건수를 지정할 수 업고, 데이터 유무에따라 한번에 최대 240개가 조회됩니다.",True,True
opt20009,업종현재가일별요청,"[{'id': '시장구분', 'value': '0:코스피, 1:코스닥, 2:코스피200'}, {'id': '업종코드', 'value': '001:종합(KOSPI), 002:대형주, 003:중형주, 004:소형주 101:종합(KOSDAQ), 201:KOSPI200, 302:KOSTAR, 701: KRX100 나머지 ※ 업종코드 참고'}]",,,True,True
opt20019,업종년봉조회요청,"[{'id': '업종코드', 'value': '001:종합(KOSPI), 002:대형주, 003:중형주, 004:소형주 101:종합(KOSDAQ), 201:KOSPI200, 302:KOSTAR, 701: KRX100 나머지 ※ 업종코드 참고'}, {'id': '기준일자', 'value': 'YYYYMMDD (20160101 연도4자리, 월 2자리, 일 2자리 형식)'}]",,,True,True
opt20068,대차거래추이요청(종목별),"[{'id': '시작일자', 'value': 'YYYYMMDD (20160101 연도4자리, 월 2자리, 일 2자리 형식)'}, {'id': '종료일자', 'value': 'YYYYMMDD (20160101 연도4자리, 월 2자리, 일 2자리 형식)'}, {'id': '전체구분', 'value': '0:종목코드 입력종목만 표시, 1: 전체표시(지원안함. OPT10068사용).'}, {'id': '종목코드', 'value': '전문 조회할 종목코드'}]",,,True,True
OPT30001,ELW가격급등락요청,"[{'id': '등락구분', 'value': '1:급등, 2:급락'}, {'id': '시간구분', 'value': '1:분전, 2:일전'}, {'id': '시간', 'value': '분 혹은 일입력 (예 1, 3, 5)'}, {'id': '거래량구분', 'value': '0:전체, 10:만주이상, 50:5만주이상, 100:10만주이상, 300:30만주이상, 500:50만주이상, 1000:백만주이상'}, {'id': '발행사코드', 'value': '발행사코드(전체:000000000000, 한국투자증권:3, 미래대우:5, 신영:6, NK투자증권:12, KB증권:17)'}, {'id': '기초자산코드', 'value': '기초자산코드 (전체:000000000000, KOSPI200:201, KOSDAQ150:150, 삼정전자:005930, KT:030200,,)'}, {'id': '권리구분', 'value': '000:전체, 001:콜, 002:풋, 003:DC, 004:DP, 005:EX, 006:조기종료콜, 007:조기종료풋'}, {'id': 'LP코드', 'value': 'LP코드(전체:000000000000, 한국투자증권:3, 미래대우:5, 신영:6, NK투자증권:12, KB증권:17)'}, {'id': '거래종료ELW제외', 'value': '0:포함, 1:제외'}]",,,True,True
OPT30002,거래원별ELW순매매상위요청,"[{'id': '발행사코드', 'value': '발행사코드(전체:000000000000, 한국투자증권:3, 미래대우:5, 신영:6, NK투자증권:12, KB증권:17)'}, {'id': '거래량구분', 'value': '0:전체, 5:5천주, 10:만주, 50:5만주, 100:10만주, 500:50만주, 1000:백만주'}, {'id': '매매구분', 'value': '1:순매수, 2:순매도'}, {'id': '기간', 'value': '1:전일, 5:5일, 10:10일, 40:40일, 60:60일'}, {'id': '거래종료ELW제외', 'value': '0:포함, 1:제외'}]",,,True,True
OPT30003,ELWLP보유일별추이요청,"[{'id': '기초자산코드', 'value': None}, {'id': '기준일자', 'value': None}]",,,True,True
OPT30004,ELW괴리율요청,"[{'id': '발행사코드', 'value': '발행사코드(전체:000000000000, 한국투자증권:3, 미래대우:5, 신영:6, NK투자증권:12, KB증권:17)'}, {'id': '기초자산코드', 'value': '기초자산코드 (전체:000000000000, KOSPI200:201, KOSDAQ150:150, 삼정전자:005930, KT:030200,,)'}, {'id': '권리구분', 'value': '000: 전체, 001: 콜, 002: 풋, 003: DC, 004: DP, 005: EX, 006: 조기종료콜, 007: 조기종료풋'}, {'id': 'LP코드', 'value': 'LP코드(전체:000000000000, 한국투자증권:3, 미래대우:5, 신영:6, NK투자증권:12, KB증권:17)'}, {'id': '거래종료ELW제외', 'value': '1:거래종료ELW제외, 0:거래종료ELW포함'}]",,,True,True
opt30005,ELW조건검색요청,"[{'id': '발행사코드', 'value': '발행사코드(전체:000000000000, 한국투자증권:3, 미래대우:5, 신영:6, NK투자증권:12, KB증권:17)'}, {'id': '기초자산코드', 'value': '기초자산코드 (전체:000000000000, KOSPI200:201, KOSDAQ150:150, 삼정전자:005930, KT:030200,,)'}, {'id': '권리구분', 'value': '0:전체, 1:콜, 2:풋, 3:DC, 4:DP, 5:EX, 6:조기종료콜, 7:조기종료풋'}, {'id': 'LP코드', 'value': 'LP코드(전체:000000000000, 한국투자증권:3, 미래대우:5, 신영:6, NK투자증권:12, KB증권:17)'}, {'id': '정렬구분', 'value': '0:정렬없음, 1:상승율순, 2:상승폭순, 3:하락율순, 4:하락폭순, 5:거래량순, 6:거래대금순, 7:잔존일순'}]",,,True,True
opt30006,ELW종목상세요청,"[{'id': '종목코드', 'value': '전문 조회할 종목코드'}]",, 이 TR은 더이상 지원하지 않는 TR입니다.,False,False
OPT30007,ELW종목상세요청,"[{'id': '발행사코드', 'value': '발행사코드(전체:000000000000, 한국투자증권:3, 미래대우:5, 신영:6, NK투자증권:12, KB증권:17)'}, {'id': '기초자산코드', 'value': '기초자산코드 (전체:000000000000, KOSPI200:201, KOSDAQ150:150, 삼정전자:005930, KT:030200,,)'}, {'id': '권리구분', 'value': '000:전체, 001:콜, 002:풋, 003:DC, 004:DP, 006:조기종료콜, 007:조기종료풋'}, {'id': 'LP코드', 'value': 'LP코드(전체:000000000000, 한국투자증권:3, 미래대우:5, 신영:6, NK투자증권:12, KB증권:17)'}, {'id': '정렬구분', 'value': None}, {'id': '거래종료ELW제외', 'value': '1:거래종료제외, 0:거래종료포함'}]",, 이 TR은 더이상 지원하지 않는 TR입니다.,False,False
OPT30008,ELW민감도지표요청,"[{'id': '종목코드', 'value': '전문 조회할 종목코드'}]",,,True,True
OPT30009,ELW등락율순위요청,"[{'id': '정렬구분', 'value': '1:상승률, 2:상승폭, 3:하락률, 4:하락폭'}, {'id': '권리구분', 'value': '000:전체, 001:콜, 002:풋, 003:DC, 004:DP, 006:조기종료콜, 007:조기종료풋'}, {'id': '거래종료제외', 'value': '1:거래종료제외, 0:거래종료포함'}]",,,True,True
OPT30010,ELW잔량순위요청,"[{'id': '정렬구분', 'value': '1:순매수잔량상위, 2: 순매도 잔량상위'}, {'id': '권리구분', 'value': '000: 전체, 001: 콜, 002: 풋, 003: DC, 004: DP, 006: 조기종료콜, 007: 조기종료풋'}, {'id': '거래종료제외', 'value': '1:거래종료제외, 0:거래종료포함'}]",,,True,True
OPT30011,ELW근접율요청,"[{'id': '종목코드', 'value': '전문 조회할 종목코드'}]",,,True,True
opt30012,ELW종목상세정보요청,"[{'id': '종목코드', 'value': '전문 조회할 종목코드'}]",,,True,True
OPT40001,ETF수익율요청,"[{'id': '종목코드', 'value': '전문 조회할 종목코드'}, {'id': '모름', 'value': None}, {'id': '기간', 'value': '0:1주, 1:1달, 2:6개월, 3:1년'}]",,,True,True
opt40002,ETF종목정보요청,"[{'id': '종목코드', 'value': '전문 조회할 종목코드'}]",,,True,True
OPT40003,ETF일별추이요청,"[{'id': '종목코드', 'value': '전문 조회할 종목코드'}]",,,True,True
opt40004,ETF전체시세요청,"[{'id': '과세유형', 'value': '0:전체, 1:비과세, 2:보유기간과세, 3:회사형, 4:외국, 5:비과세해외(보유기간관세)'}, {'id': 'NAV대비', 'value': '0:전체, 1:NAV > 전일종가, 2:NAV < 전일종가'}, {'id': '운용사', 'value': '0000:전체, 3020:KODEX(삼성), 3027:KOSEF(키움), 3191:TIGER(미래에셋), 3228:KINDEX(한국투자), 3023:KStar(KB), 3022:아리랑(한화), 9999:기타운용사'}, {'id': '과세여부', 'value': '0:전체, 1:과세, 2:비과세'}, {'id': '추적지수', 'value': '0:전체'}]",,,True,True
OPT40005,ETF일별추이요청,"[{'id': '종목코드', 'value': '전문 조회할 종목코드'}]",,,True,True
opt40006,ETF시간대별추이요청,"[{'id': '종목코드', 'value': None}]",,,True,True
opt40007,ETF시간대별체결요청,"[{'id': '종목코드', 'value': '전문 조회할 종목코드'}]",,,True,True
opt40008,ETF일자별체결요청,"[{'id': '종목코드', 'value': None}]",,,True,True
OPT40009,ETF시간대별체결요청,"[{'id': '종목코드', 'value': '전문 조회할 종목코드'}]",,,True,True
opt40010,ETF시간대별추이요청,"[{'id': '종목코드', 'value': '전문 조회할 종목코드'}]",,,True,True
opt50001,선옵현재가정보요청,"[{'id': '종목코드', 'value': None}]",,,True,True
opt50002,선옵일자별체결요청,"[{'id': '종목코드', 'value': None}]",,,True,True
OPT50003,선옵시고저가요청,"[{'id': '종목코드', 'value': None}]",,,True,True
opt50004,콜옵션행사가요청,"[{'id': '만기년월', 'value': 'YYYYMM, 6자리'}]",,,True,True
OPT50005,선옵시간별거래량요청,"[{'id': '종목코드', 'value': None}]",,,True,True
OPT50006,선옵체결추이요청,"[{'id': '종목코드', 'value': None}]",,,True,True
opt50007,선물시세추이요청,"[{'id': '종목코드', 'value': '전문 조회할 종목코드'}, {'id': '시간단위', 'value': '00:틱, 1:1분, 5:5분,10:10분,15:15분,30:30분,0:일'}, {'id': '시간검색', 'value': '지원안함 (공백)'}]",,,True,True
opt50008,프로그램매매추이차트요청,"[{'id': '종목코드', 'value': 'P00101:코스피, P10102:코스닥'}, {'id': '시간구분', 'value': '1 (다른값 허용안함)'}]","['체결시간', '투자자별매도금액', '투자자별매수금액', '투자자별순매수금액']",,True,True
OPT50009,선옵시간별잔량요청,"[{'id': '종목코드', 'value': '전문 조회할 종목코드'}, {'id': '시간검색', 'value': '지원안함 (공백)'}]",,,True,True
OPT50010,선옵호가잔량추이요청,"[{'id': '종목코드', 'value': '전문 조회할 종목코드'}, {'id': '시간검색', 'value': '지원안함 (공백)'}]",,,True,True
OPT50011,선옵호가잔량추이요청,"[{'id': '종목코드', 'value': '전문 조회할 종목코드'}, {'id': '시간단위', 'value': '00:틱, 1:1분, 5:5분,10:10분,15:15분,30:30분,0:일'}, {'id': '시간검색', 'value': '지원안함 (공백)'}]",,,True,True
OPT50012,선옵타임스프레드차트요청,"[{'id': '종목코드', 'value': '전문 조회할 종목코드'}, {'id': '시간단위', 'value': '30초:00, 1분:01, 5분:05, 10분:10, 30분:30, 1일:99'}]",,,True,True
OPT50013,선물가격대별비중차트요청,"[{'id': '종목코드', 'value': '전문 조회할 종목코드'}, {'id': '봉갯수', 'value': '10'}]",,,True,True
OPT50014,선물가격대별비중차트요청,"[{'id': '종목코드', 'value': '전문 조회할 종목코드'}, {'id': '봉갯수', 'value': '10'}]",,,True,True
opt50015,선물미결제약정일차트요청,"[{'id': '종목코드', 'value': '전문 조회할 종목코드'}, {'id': '시간단위', 'value': 'YYYYMMDD (20160101 연도4자리, 월 2자리, 일 2자리 형식)'}]",,,True,True
OPT50016,베이시스추이차트요청,"[{'id': '종목코드', 'value': '전문 조회할 종목코드'}, {'id': '시간단위', 'value': '00:틱, 1:1분, 5:5분,10:10분,15:15분,30:30분,0:일'}]",,,True,True
OPT50017,베이시스추이차트요청,"[{'id': '종목코드', 'value': '전문 조회할 종목코드'}, {'id': '시간단위', 'value': '00:틱, 1:1분, 5:5분,10:10분,15:15분,30:30분,0:일'}]",,,True,True
OPT50018,풋콜옵션비율차트요청,"[{'id': '시간단위', 'value': '1:1분, 5:5분, 10:10분, 15:15분,3 0:30분, 60:60분'}]",,,True,True
OPT50019,선물옵션현재가정보요청,"[{'id': '종목코드', 'value': None}]",,,True,True
opt50020,복수종목결제월별시세요청,"[{'id': '만기년월', 'value': 'YYYYMM, 6자리'}]",,,True,True
OPT50021,콜종목결제월별시세요청,"[{'id': '만기년월', 'value': 'YYYYMM, 6자리'}]",,,True,True
OPT50022,풋종목결제월별시세요청,"[{'id': '만기년월', 'value': 'YYYYMM, 6자리'}]",,,True,True
opt50023,민감도지표추이요청,"[{'id': '종목코드', 'value': '전문 조회할 종목코드'}, {'id': '시간구분', 'value': '분 단위시간 입력(예 1:1분, 3:3분, 5:5분, 10:10분, 30:30분)'}]",,,True,True
OPT50024,일별변동성분석그래프요청,"[{'id': '역사적변동성1', 'value': '변동성 일수. 30'}, {'id': '역사적변동성2', 'value': '변동성 일수. 60'}, {'id': '역사적변동성3', 'value': '변동성 일수. 100'}, {'id': '기간', 'value': '일수. 60'}]",,,True,True
OPT50025,시간별변동성분석그래프요청,"[{'id': '역사적변동성1', 'value': None}, {'id': '역사적변동성2', 'value': None}, {'id': '역사적변동성3', 'value': None}, {'id': '기간', 'value': None}]",,,True,True
OPT50026,선옵주문체결요청,"[{'id': '종목코드', 'value': '전문 조회할 종목코드'}, {'id': '조회구분', 'value': '1'}, {'id': '매매구분', 'value': '0:전체, 1:매도, 2:매수'}, {'id': '체결구분', 'value': '0:전체, 1:미체결내역, 2:체결내역'}, {'id': '계좌번호', 'value': None}, {'id': '주문번호', 'value': None}]",,,True,True
OPT50027,선옵잔고요청,"[{'id': '계좌번호', 'value': None}]",,,True,True
opt50028,선물틱차트요청,"[{'id': '종목코드', 'value': '전문 조회할 종목코드'}, {'id': '시간단위', 'value': '1틱:1, 3틱:3, 5:5틱:5, 10틱:10, 20틱:20, 30틱:30, 60틱:60, 120틱:120'}]",," 데이터 건수를 지정할 수 업고, 데이터 유무에따라 한번에 최대 900개가 조회됩니다.",True,True
OPT50029,선물옵션분차트요청,"[{'id': '종목코드', 'value': '전문 조회할 종목코드'}, {'id': '시간단위', 'value': '1분:1, 3분:3, 5분:5, 10분:10, 15분:15, 30분:30, 60분:60, 120분:120'}]",," 데이터 건수를 지정할 수 업고, 데이터 유무에따라 한번에 최대 900개가 조회됩니다.",True,True
OPT50030,선물옵션일차트요청,"[{'id': '종목코드', 'value': '전문 조회할 종목코드'}, {'id': '기준일자', 'value': 'YYYYMM, 6자리'}]",," 데이터 건수를 지정할 수 업고, 데이터 유무에따라 한번에 최대 900개가 조회됩니다.",True,True
OPT50031,선옵잔고손익요청,"[{'id': '계좌번호', 'value': None}]",,,True,True
OPT50032,선옵당일실현손익요청,"[{'id': '계좌번호', 'value': None}, {'id': '종목코드', 'value': None}]",,,True,True
OPT50033,선옵잔존일조회요청,"[{'id': '종목코드', 'value': None}, {'id': '기준일자', 'value': None}]",,,True,True
OPT50034,선옵전일가격요청,"[{'id': '종목코드', 'value': None}, {'id': '기간', 'value': None}]",,,True,True
OPT50035,지수변동성차트요청,"[{'id': '종목코드', 'value': '다우존스:_.DJI, 나스닥:_COMP, S&P500:_SPX, 니케이:_JP#NI225, 코스피:001'}, {'id': '기준일자', 'value': 'YYYYMM, 6자리'}, {'id': '기간', 'value': None}, {'id': '차트구분', 'value': '일차트:0, 주차트:1, 월차트:2'}]",,,True,True
OPT50036,주요지수변동성차트요청,"[{'id': '종목코드', 'value': '다우존스:_.DJI, 나스닥:_COMP, S&P500:_SPX, 니케이:_JP#NI225, 코스피:001'}, {'id': '기준일자', 'value': 'YYYYMM, 6자리'}, {'id': '기간', 'value': None}, {'id': '차트구분', 'value': '일차트:0, 주차트:1, 월차트:2'}]",,,True,True
opt50037,코스피200지수요청,"[{'id': '종목코드', 'value': '전문 조회할 종목코드(코스피200 지수 선물만 가능)'}, {'id': '기준일자', 'value': 'YYYYMMDD, 8자리'}]",,,True,True
opt50038,투자자별만기손익차트요청,"[{'id': '일자구분', 'value': '일자:1(선택시 반드시 일자입력), 누적:2'}, {'id': '일자', 'value': 'YYYYMMDD'}, {'id': '투자자구분', 'value': '개인:08, 외국인:09, 금융투자:01, 투신:03, 은행:04, 기타금융:05, 보험:02, 연기금등:06, 기타법인:07'}, {'id': '수량금액구분', 'value': '수량:1, 금액(백만원):2'}]",,,True,True
opt50039,투자자별포지션종합요청,"[{'id': '일자구분', 'value': None}, {'id': '일자', 'value': None}, {'id': '수량금액구분', 'value': None}, {'id': '단위구분', 'value': None}]",, 이 TR은 현재 사용할 수 없는 TR입니다.,False,False
OPT50040,선옵시고저가요청,"[{'id': '종목코드', 'value': None}]",,,True,True
OPT50043,주식선물거래량상위종목요청,"[{'id': '거래대금구분', 'value': '거래량상위:0, 거래대금상위(천원):1'}]",,,True,True
opt50044,주식선물시세표요청,"[{'id': '근월물구분', 'value': None}]",,,True,True
opt50062,선물미결제약정분차트요청,"[{'id': '종목코드', 'value': '전문 조회할 종목코드'}, {'id': '시간단위', 'value': '30초:00, 1분:01, 5분:05, 10분:10, 30분:30, 1시간:60'}]",,,True,True
opt50063,옵션미결제약정일차트요청,"[{'id': '종목코드', 'value': '전문 조회할 종목코드'}, {'id': '시간단위', 'value': 'YYYYMMDD (20160101 연도4자리, 월 2자리, 일 2자리 형식)'}]",,,True,True
opt50064,옵션미결제약정분차트요청,"[{'id': '종목코드', 'value': '전문 조회할 종목코드'}, {'id': '시간단위', 'value': '30초:00, 1분:01, 5분:05, 10분:10, 30분:30, 1시간:60'}]",,,True,True
opt50065,풋옵션행사가요청,"[{'id': '만기년월', 'value': 'YYYYMM, 6자리'}]",,,True,True
opt50066,옵션틱차트요청,"[{'id': '종목코드', 'value': '전문 조회할 종목코드'}, {'id': '시간단위', 'value': '1틱:1, 3틱:3, 5:5틱:5, 10틱:10, 20틱:20, 30틱:30, 60틱:60, 120틱:120'}]",," 데이터 건수를 지정할 수 업고, 데이터 유무에따라 한번에 최대 900개가 조회됩니다.",True,True
opt50067,옵션분차트요청,"[{'id': '종목코드', 'value': '전문 조회할 종목코드'}, {'id': '시간단위', 'value': '1분:1, 3분:3, 5분:5, 10분:10, 15분:15, 30분:30, 60분:60, 120분:120'}]",," 데이터 건수를 지정할 수 업고, 데이터 유무에따라 한번에 최대 900개가 조회됩니다.",True,True
opt50068,옵션일차트요청,"[{'id': '종목코드', 'value': '전문 조회할 종목코드'}, {'id': '기준일자', 'value': 'YYYYMM, 6자리'}]",,,True,True
opt50071,선물주차트요청,"[{'id': '종목코드', 'value': None}, {'id': '기준일자', 'value': None}]",,,True,True
opt50072,선물월차트요청,"[{'id': '종목코드', 'value': None}, {'id': '기준일자', 'value': None}]",,,True,True
opt50073,선물년차트요청,"[{'id': '종목코드', 'value': None}, {'id': '기준일자', 'value': None}]",,,True,True
OPT90001,테마그룹별요청,"[{'id': '검색구분', 'value': '0:전체검색, 1:테마검색, 2:종목검색'}, {'id': '종목코드', 'value': '검색하려는 종목코드'}, {'id': '날짜구분', 'value': '1일 ~ 99일 날짜입력'}, {'id': '테마명', 'value': '검색하려는 테마명'}, {'id': '등락수익구분', 'value': '1:상위기간수익률, 2:하위기간수익률, 3:상위등락률, 4:하위등락률'}]","['종목코드', '테마명', '종목수', '등락기호', '등락율', '상승종목수', '하락종목수', '기간수익률', '주요종목']",,True,True
opt90002,테마구성종목요청,"[{'id': '날짜구분', 'value': '1일 ~ 99일 날짜입력'}, {'id': '종목코드', 'value': '테마그룹코드 번호'}]","['종목코드', '종목명', '현재가', '등락기호', '전일대비', '등락율', '누적거래량', '매도호가', '매도잔량', '매수호가', '매수잔량', '기간수익률n']",,True,True
opt90003,프로그램순매수상위50요청,"[{'id': '매매상위구분', 'value': '1:순매도상위, 2:순매수상위'}, {'id': '금액수량구분', 'value': '1:금액, 2:수량'}, {'id': '시장구분', 'value': 'P00101:코스피, P10102:코스닥'}]","['순위', '종목코드', '종목명', '현재가', '등락기호', '전일대비', '등락율', '누적거래량', '프로그램매도금액', '프로그램매수금액', '프로그램순매수금액']",,True,True
OPT90004,종목별프로그램매매현황요청,"[{'id': '일자', 'value': 'YYYYMMDD (20160101 연도4자리, 월 2자리, 일 2자리 형식)'}, {'id': '시장구분', 'value': 'P00101:코스피, P10102:코스닥'}]","['종목코드', '종목명', '현재가', '등락기호', '전일대비', '매수체결수량', '매수체결금액', '매도체결수량', '매도체결금액', '순매수대금', '전체거래비율']",,True,True
OPT90005,프로그램매매추이요청,"[{'id': '날짜', 'value': 'YYYYMMDD (20160101 연도4자리, 월 2자리, 일 2자리 형식)'}, {'id': '시간구분', 'value': '1:시간대별, 2:일자별'}, {'id': '금액수량구분', 'value': '1:금액(백만원), 2:수량(천주)'}, {'id': '시장구분', 'value': 'P00101:코스피, P10102:코스닥'}, {'id': '분틱구분', 'value': '0:틱, 1:분'}]","['체결시간', '차익거래매도', '차익거래매수', '차익거래순매수', '비차익거래매도', '비차익거래매수', '비차익거래순매수', '차익거래매도수량', '차익거래매수수량', '차익거래순매수수량', '비차익거래매도수량', '비차익거래매수수량', '비차익거래순매수수량', '전체매도', '전체매수', '전체순매수', 'KOSPI200', 'BASIS']",,True,True
OPT90006,프로그램매매차익잔고추이요청,"[{'id': '날짜', 'value': 'YYYYMMDD (20160101 연도4자리, 월 2자리, 일 2자리 형식)'}]",,,True,True
OPT90007,프로그램매매누적추이요청,"[{'id': '날짜', 'value': 'YYYYMMDD (20160101 연도4자리, 월 2자리, 일 2자리 형식), 종료일기준 1년간 데이터만 조회가능'}, {'id': '금액수량구분', 'value': '1:금액, 2:수량'}, {'id': '시장구분', 'value': 'P10101:코스피, P10102:코스닥'}]",,,True,True
opt90008,종목시간별프로그램매매추이요청,"[{'id': '시간일자구분', 'value': '1:시간대별'}, {'id': '금액수량구분', 'value': '1:금액, 2:수량'}, {'id': '종목코드', 'value': None}, {'id': '날짜', 'value': 'YYYYMMDD (20160101 연도4자리, 월 2자리, 일 2자리 형식)'}]","['시간', '현재가', '대비기호', '전일대비', '등락율', '거래량', '프로그램매도금액', '프로그램매수금액', '프로그램순매수금액', '프로그램순매수금액증감', '프로그램매도수량', '프로그램매수수량', '프로그램순매수수량', '프로그램순매수수량증감', '기준가시간', '대차거래상환주수합', '잔고수주합']",,True,True
opt90009,외국인기관매매상위요청,"[{'id': '시장구분', 'value': '000:전체, 001:코스피, 101:코스닥'}, {'id': '금액수량구분', 'value': '1:금액(천만), 2:수량(천)'}, {'id': '조회일자구분', 'value': '0:조회일자 미포함, 1:조회일자 포함'}, {'id': '날짜', 'value': 'YYYYMMDD (20160101 연도4자리, 월 2자리, 일 2자리 형식)'}]",,,True,True
OPT90010,차익잔고현황요청,"[{'id': '일자', 'value': 'YYYYMMDD (20170101 연도4자리, 월 2자리, 일 2자리 형식)'}, {'id': '금액수량구분', 'value': '1:금액, 2:수량'}]",,,True,True
opt90011,차익잔고현황요청,"[{'id': '일자', 'value': 'YYYYMMDD (20170101 연도4자리, 월 2자리, 일 2자리 형식)'}, {'id': '금액수량구분', 'value': '1:금액, 2:수량'}]",,,True,True
OPT90012,대차거래내역요청,"[{'id': '일자', 'value': 'YYYYMMDD (20170101 연도4자리, 월 2자리, 일 2자리 형식)'}, {'id': '시장구분', 'value': '001:코스피, 101:코스닥'}]",,,True,True
opt90013,종목일별프로그램매매추이요청,"[{'id': '시간일자구분', 'value': '2:일자별'}, {'id': '금액수량구분', 'value': '1:금액, 2:수량'}, {'id': '종목코드', 'value': None}, {'id': '날짜', 'value': 'YYYYMMDD (20170101 연도4자리, 월 2자리, 일 2자리 형식)'}]","['일자', '현재가', '대비기호', '전일대비', '등락율', '거래량', '프로그램매도금액', '프로그램매수금액', '프로그램순매수금액', '프로그램순매수금액증감', '프로그램매도수량', '프로그램매수수량', '프로그램순매수수량', '프로그램순매수수량증감', '기준가시간', '대차거래상환주수합', '잔고수주합']",,True,True
opt99999,대차거래상위10종목요청,"[{'id': '시작일자', 'value': None}, {'id': '종료일자', 'value': None}, {'id': '시장구분', 'value': None}]",,,True,True
OPTFOFID,선물전체시세요청,"[{'id': '종목코드', 'value': None}]",,,True,True
OPTKWFID,관심종목정보요청,[],,,True,True
OPTKWINV,관심종목투자자정보요청,[],,,True,True
OPTKWPRO,관심종목프로그램정보요청,[],,,True,True
opw00001,예수금상세현황요청,"[{'id': '계좌번호', 'value': '전문 조회할 보유계좌번호'}, {'id': '비밀번호', 'value': '사용안함(공백)'}, {'id': '비밀번호입력매체구분', 'value': '00'}, {'id': '조회구분', 'value': '3:추정조회, 2:일반조회'}]","['예수금', '주식증거금현금', '수익증권증거금현금', '익일수익증권매도정산대금', '해외주식원화대용설정금', '신용보증금현금', '신용담보금현금', '추가담보금현금', '기타증거금', '미수확보금', '공매도대금', '신용설정평가금', '수표입금액', '기타수표입금액', '신용담보재사용', '코넥스기본예탁금', 'ELW예탁평가금', '신용대주권리예정금액', '생계형가입금액', '생계형입금가능금액', '대용금평가금액(합계)', '잔고대용평가금액', '위탁대용잔고평가금액', '수익증권대용평가금액', '위탁증거금대용', '신용보증금대용', '신용담보금대용', '추가담보금대용', '권리대용금', '출금가능금액', '랩출금가능금액', '주문가능금액', '수익증권매수가능금액', '20%종목주문가능금액', '30%종목주문가능금액', '40%종목주문가능금액', '100%종목주문가능금액', '현금미수금', '현금미수연체료', '현금미수금합계', '신용이자미납', '신용이자미납연체료', '신용이자미납합계', '기타대여금', '기타대여금연체료', '기타대여금합계', '미상환융자금', '융자금합계', '대주금합계', '신용담보비율', '중도이용료', '최소주문가능금액', '대출총평가금액', '예탁담보대출잔고', '매도담보대출잔고', 'd+1추정예수금', 'd+1매도매수정산금', 'd+1매수정산금', 'd+1미수변제소요금', 'd+1매도정산금', 'd+1출금가능금액', 'd+2추정예수금', 'd+2매도매수정산금', 'd+2매수정산금', 'd+2미수변제소요금', 'd+2매도정산금', 'd+2출금가능금액', '출력건수']",,True,True
OPW00002,일별추정예탁자산현황요청,"[{'id': '계좌번호', 'value': '전문 조회할 보유계좌번호'}, {'id': '비밀번호', 'value': '사용안함(공백)'}, {'id': '시작조회기간', 'value': 'YYYYMMDD (20170101 연도4자리, 월 2자리, 일 2자리 형식)'}, {'id': '종료조회기간', 'value': 'YYYYMMDD (20170101 연도4자리, 월 2자리, 일 2자리 형식)'}]","['일자', '예수금', '담보대출금', '신용융자금', '대주담보금', '대용금', '추정예탁자산', '추정예탁자산수익증권제외']", 이 TR은 모의투자에서 지원하지 않는 TR입니다.,True,False
OPW00003,추정자산조회요청,"[{'id': '계좌번호', 'value': '전문 조회할 보유계좌번호'}, {'id': '비밀번호', 'value': '사용안함(공백)'}, {'id': '상장폐지조회구분', 'value': '0:전체, 1:상장폐지종목제외'}]",['추정예탁자산'], 이 TR은 모의투자에서 지원하지 않는 TR입니다.,True,False
OPW00004,계좌평가현황요청,"[{'id': '계좌번호', 'value': '전문 조회할 보유계좌번호'}, {'id': '비밀번호', 'value': '사용안함(공백)'}, {'id': '상장폐지조회구분', 'value': '0:전체, 1:상장폐지종목제외'}, {'id': '비밀번호입력매체구분', 'value': '00'}]","['종목코드', '종목명', '보유수량', '평균단가', '현재가', '평가금액', '손익금액', '손일율', '대출일', '매입금액', '결제잔고', '전일매수수량', '전일매도수량', '금일매수수량', '금일매도수량']",,True,True
opw00005,체결잔고요청,"[{'id': '계좌번호', 'value': '전문 조회할 보유계좌번호'}, {'id': '비밀번호', 'value': '사용안함(공백)'}, {'id': '비밀번호입력매체구분', 'value': '00'}]","['신용구분', '대출일', '만기일', '종목번호', '종목명', '결제잔고', '현재잔고', '현재가', '매입단가', '매입금액', '평가금액', '평가손익', '손익률']", 이 TR은 모의투자에서 지원하지 않는 TR입니다.,True,False
OPW00006,관리자별주문체결내역요청,"[{'id': '일자', 'value': 'YYYYMMDD (20170101 연도4자리, 월 2자리, 일 2자리 형식)'}, {'id': '지점코드', 'value': '0'}, {'id': '시작주문번호', 'value': '0'}]",, 이 TR은 모의투자에서 지원하지 않는 TR입니다.,True,False
OPW00007,계좌별주문체결내역상세요청,"[{'id': '주문일자', 'value': 'YYYYMMDD (20170101 연도4자리, 월 2자리, 일 2자리 형식)'}, {'id': '계좌번호', 'value': '전문 조회할 보유계좌번호'}, {'id': '비밀번호', 'value': '사용안함(공백)'}, {'id': '비밀번호입력매체구분', 'value': '00'}, {'id': '조회구분', 'value': '1:주문순, 2:역순, 3:미체결, 4:체결내역만'}, {'id': '주식채권구분', 'value': '0:전체, 1:주식, 2:채권'}, {'id': '매도수구분', 'value': '0:전체, 1:매도, 2:매수'}, {'id': '종목코드', 'value': '공백허용 (공백일때 전체종목)'}, {'id': '시작주문번호', 'value': '공백허용 (공백일때 전체주문)'}]","['주문번호', '종목번호', '매매구분', '신용구분', '주문수량', '주문단가', '확인수량', '접수구분', '반대여부', '주문시간', '원주문', '종목명', '주문구분', '대출일', '체결수량', '체결단가', '주문잔량', '통신구분', '정정취소', '확인시간']",,True,True
opw00008,계좌별익일결제예정내역요청,"[{'id': '계좌번호', 'value': '전문 조회할 보유계좌번호'}, {'id': '비밀번호', 'value': '사용안함(공백)'}, {'id': '비밀번호입력매체구분', 'value': '00'}, {'id': '시작결제번호', 'value': None}]","['일련번호', '종목번호', '대출일', '수량', '약정금액', '수수료', '소득세', '농특세', '종목명', '매도수구분', '단가', '정산금액', '거래세', '주민세', '신용구분']",,True,True
opw00009,계좌별주문체결현황요청,"[{'id': '주문일자', 'value': 'YYYYMMDD (20170101 연도4자리, 월 2자리, 일 2자리 형식)'}, {'id': '계좌번호', 'value': '전문 조회할 보유계좌번호'}, {'id': '비밀번호', 'value': '사용안함(공백)'}, {'id': '비밀번호입력매체구분', 'value': '00'}, {'id': '주식채권구분', 'value': '0:전체, 1:주식, 2:채권'}, {'id': '시장구분', 'value': '0:전체, 1:장내, 2:코스닥, 3:OTCBB, 4:ECN'}, {'id': '매도수구분', 'value': '0:전체, 1:매도, 2:매수'}, {'id': '조회구분', 'value': '0:전체, 1:체결'}, {'id': '종목코드', 'value': '전문 조회할 종목코드'}, {'id': '시작주문번호', 'value': None}]","['주식채권구분', '주문번호', '종목번호', '매매구분', '주문유형구분', '주문수량', '주문단가', '확인수량', '예약반대', '체결번호', '접수구분', '원주문번호', '종목명', '결제구분', '신용거래구분', '체결수량', '체결단가', '통신구분', '정정취소구분', '체결시간']",,True,True
opw00010,주문인출가능금액요청,"[{'id': '계좌번호', 'value': '전문 조회할 보유계좌번호'}, {'id': '비밀번호', 'value': '사용안함(공백)'}, {'id': '비밀번호입력매체구분', 'value': '00'}, {'id': '입출금액', 'value': None}, {'id': '종목번호', 'value': None}, {'id': '매매구분', 'value': '1:매도, 2:매수'}, {'id': '매매수량', 'value': None}, {'id': '매수가격', 'value': None}, {'id': '예상매수단가', 'value': None}]",, 이 TR은 모의투자에서 지원하지 않는 TR입니다,True,False
opw00011,증거금율별주문가능수량조회요청,"[{'id': '계좌번호', 'value': '전문 조회할 보유계좌번호'}, {'id': '비밀번호', 'value': '사용안함(공백)'}, {'id': '비밀번호입력매체구분', 'value': '00'}, {'id': '종목번호', 'value': None}, {'id': '매수가격', 'value': None}]","['종목증거금율', '계좌증거금율', '적용증거금율', '증거금20주문가능금액', '증거금20가능수량', '증거금20전일재사용금액', '증거금20금일재사용금액', '증거금30주문가능금액', '증거금30가능수량', '증거금30전일재사용금액', '증거금30금일재사용금액', '증거금40주문가능금액', '증거금40가능수량', '증거금40전일재사용금액', '증거금40금일재사용금액', '증거금50주문가능금액', '증거금50가능수량', '증거금50전일재사용금액', '증거금50금일재사용금액', '증거금60주문가능금액', '증거금60가능수량', '증거금60전일재사용금액', '증거금60금일재사용금액', '증거금100주문가능금액', '증거금100가능수량', '증거금100전일재사용금액', '증거금100금일재사용금액', '미수불가주문가능금액', '미수불가주문가능수량', '미수불가전일재사용금액', '미수불가금일재사용금액', '예수금', '대용금', '미수금', '주문가능대용', '주문가능현금']",,True,True
OPW00012,신용보증금율별주문가능수량조회요청,"[{'id': '계좌번호', 'value': '전문 조회할 보유계좌번호'}, {'id': '비밀번호', 'value': '사용안함(공백)'}, {'id': '비밀번호입력매체구분', 'value': '00'}, {'id': '종목번호', 'value': None}, {'id': '매수가격', 'value': None}]",, 이 TR은 모의투자에서 지원하지 않는 TR입니다.,True,False
opw00013,증거금세부내역조회요청,"[{'id': '계좌번호', 'value': '전문 조회할 보유계좌번호'}, {'id': '비밀번호', 'value': '사용안함(공백)'}]",,,True,True
OPW00014,비밀번호일치여부요청,"[{'id': '계좌번호', 'value': '전문 조회할 보유계좌번호'}, {'id': '비밀번호', 'value': '사용안함(공백)'}, {'id': '비밀번호입력매체구분', 'value': '00'}]",,,True,True
OPW00015,위탁종합거래내역요청,"[{'id': '계좌번호', 'value': '전문 조회할 보유계좌번호'}, {'id': '비밀번호', 'value': '사용안함(공백)'}, {'id': '시작일자', 'value': 'YYYYMMDD (20170101 연도4자리, 월 2자리, 일 2자리 형식)'}, {'id': '종료일자', 'value': 'YYYYMMDD (20170101 연도4자리, 월 2자리, 일 2자리 형식)'}, {'id': '구분', 'value': '0:전체, 1:입출금, 2:입출고, 3:매매, 4:매수, 5:매도, 6:입금, 7:출금, A:예탁담보대출입금, F:환전'}, {'id': '종목코드', 'value': '전문 조회할 종목코드'}, {'id': '통화코드', 'value': '공백:전체, ""CNY"", ""EUR"", ""HKD"", ""JPY"", ""USD""'}, {'id': '상품구분', 'value': '1, 0:전체, 1:국내주식, 2:수익증권, 3:해외주식, 4:금융상품'}, {'id': '비밀번호입력매체구분', 'value': '00'}, {'id': '고객정보제한여부', 'value': 'Y:제한,N:비제한'}]",, 이 TR은 모의투자에서 지원하지 않는 TR입니다.,True,False
OPW00016,일별계좌수익률상세현황요청,"[{'id': '계좌번호', 'value': '전문 조회할 보유계좌번호'}, {'id': '비밀번호', 'value': '사용안함(공백)'}, {'id': '평가시작일', 'value': None}, {'id': '평가종료일', 'value': None}, {'id': '비밀번호입력매체구분', 'value': '00'}]",, 이 TR은 모의투자에서 지원하지 않는 TR입니다.,True,False
OPW00017,계좌별당일현황요청,"[{'id': '계좌번호', 'value': '전문 조회할 보유계좌번호'}, {'id': '비밀번호', 'value': '사용안함(공백)'}, {'id': '비밀번호입력매체구분', 'value': '00'}]","['D+2추정예수금', '신용이자미납금', '기타대여금', '일반주식평가금액D+2', '예탁담보대출금D+2', '예탁담보주식평가금액D+2', '신용융자금D+2', '신용융자평가금D+2', '신용대주담보금D+2', '신용대주평가금D+2', '입금금액', '출금금액', '입고금액', '출고금액', '매도금액', '매수금액', '수수료', '세금', '주식매입자금대출금', 'RP평가금액', '채권평가금액', 'ELS평가금액', '신용이자금액', '매도대금담보대출이자금액', '배당금액']", 이 TR은 모의투자에서 지원하지 않는 TR입니다.,True,False
opw00018,계좌평가잔고내역요청,"[{'id': '계좌번호', 'value': '전문 조회할 보유계좌번호'}, {'id': '비밀번호', 'value': '사용안함(공백)'}, {'id': '비밀번호입력매체구분', 'value': '00'}, {'id': '조회구분', 'value': '1:합산, 2:개별'}]","['종목번호', '종목명', '평가손익', '수익률(%)', '매입가', '전일종가', '보유수량', '매매가능수량', '현재가', '전일매수수량', '전일매도수량', '금일매수수량', '금일매도수량', '매입금액', '매입수수료', '평가금액', '평가수수료', '세금', '수수료합', '보유비중(%)', '신용구분', '신용구분명', '대출일']"," ""수익률%"" 데이터는 모의투자에서는 소숫점표현, 실거래서버에서는 소숫점으로 변환 필요 합니다.",True,True
OPW20001,선물옵션청산주문위탁증거금가계산요청,"[{'id': '계좌번호', 'value': '전문 조회할 보유계좌번호'}, {'id': '비밀번호', 'value': '사용안함(공백)'}, {'id': '입력건수', 'value': None}, {'id': '종목코드', 'value': '전문 조회할 종목코드'}, {'id': '매수매도구분', 'value': '1:매도, 2:매수'}, {'id': '주문수량', 'value': None}, {'id': '잔고수량', 'value': None}]",,,True,True
OPW20002,선옵당일매매변동현황요청,"[{'id': '계좌번호', 'value': '전문 조회할 보유계좌번호'}, {'id': '비밀번호', 'value': '사용안함(공백)'}, {'id': '시장구분', 'value': '1:KOSPI지수'}, {'id': '체결일자', 'value': 'YYYMMDD (20170101 연도4자리, 월 2자리, 일 2자리 형식)'}, {'id': '비밀번호입력매체구분', 'value': '00'}]",,,True,True
opw20003,선옵기간손익조회요청,"[{'id': '계좌번호', 'value': '전문 조회할 보유계좌번호'}, {'id': '시장구분', 'value': '0:전체'}, {'id': '비밀번호', 'value': '사용안함(공백)'}, {'id': '시작일자', 'value': 'YYYYMMDD (연도4자리, 월 2자리, 일 2자리 형식)'}, {'id': '종료일자', 'value': 'YYYYMMDD (연도4자리, 월 2자리, 일 2자리 형식)'}, {'id': '비밀번호입력매체구분', 'value': '00'}]",,,True,True
OPW20004,선옵주문체결내역상세요청,"[{'id': '계좌번호', 'value': '전문 조회할 보유계좌번호'}, {'id': '비밀번호', 'value': '사용안함(공백)'}, {'id': '조회일', 'value': '조회일 입력(YYYYMMDD 연도4자리, 월 2자리, 일 2자리 형식)'}, {'id': '종목구분', 'value': '0:전체, 1:코스피선물, 2:코스피옵션'}, {'id': '조회구분', 'value': '0:전체, 1:체결, 2:미체결'}, {'id': '정렬구분', 'value': '1:주문번호순,  2:주문번호역순'}, {'id': '비밀번호입력매체구분', 'value': '00'}, {'id': '정규시간외구분', 'value': '0:전체, 1:정규장'}]",,,True,True
OPW20005,선옵주문체결내역상세평균가요청,"[{'id': '계좌번호', 'value': '전문 조회할 보유계좌번호'}, {'id': '비밀번호', 'value': '사용안함(공백)'}, {'id': '조회일', 'value': '조회일 입력(YYYYMMDD 연도4자리, 월 2자리, 일 2자리 형식)'}, {'id': '종목구분', 'value': '0:전체, 1:코스피선물, 2:코스피옵션'}, {'id': '조회구분', 'value': '0:전체, 1:체결, 2:미체결'}, {'id': '정렬구분', 'value': '1:주문번호순,  2:주문번호역순'}, {'id': '정규시간외구분', 'value': '0:전체, 1:정규장'}, {'id': '비밀번호입력매체구분', 'value': '00'}]",,,True,True
opw20006,선옵잔고상세현황요청,"[{'id': '계좌번호', 'value': '전문 조회할 보유계좌번호'}, {'id': '비밀번호', 'value': '사용안함(공백)'}, {'id': '조회일자', 'value': '조회일 입력(YYYYMMDD 연도4자리, 월 2자리, 일 2자리 형식. 공백허용안함)'}, {'id': '비밀번호입력매체구분', 'value': '00'}]",,,True,True
OPW20007,선옵잔고현황정산가기준요청,"[{'id': '계좌번호', 'value': '전문 조회할 보유계좌번호'}, {'id': '비밀번호', 'value': '사용안함(공백)'}, {'id': '비밀번호입력매체구분', 'value': '00'}]",,,True,True
OPW20008,계좌별결제예상내역조회요청,"[{'id': '계좌번호', 'value': '전문 조회할 보유계좌번호'}, {'id': '비밀번호', 'value': '사용안함(공백)'}, {'id': '비밀번호입력매체구분', 'value': '00'}]",,,True,True
opw20009,선옵계좌별주문가능수량요청,"[{'id': '계좌번호', 'value': '전문 조회할 보유계좌번호'}, {'id': '비밀번호', 'value': '사용안함(공백)'}, {'id': '종목코드', 'value': '전문 조회할 종목코드'}, {'id': '매도수구분', 'value': '1:매도, 2:매수'}, {'id': '주문유형', 'value': '1:지정가'}, {'id': '주문가격', 'value': '소수점제거한값(123.45 -> 12345)'}, {'id': '비밀번호입력매체구분', 'value': '00'}]",,,True,True
OPW20010,선옵예탁금및증거금조회요청,"[{'id': '계좌번호', 'value': '전문 조회할 보유계좌번호'}, {'id': '비밀번호', 'value': '사용안함(공백)'}, {'id': '비밀번호입력매체구분', 'value': '00'}]",,,True,True
OPW20011,선옵계좌예비증거금상세요청,"[{'id': '계좌번호', 'value': '전문 조회할 보유계좌번호'}, {'id': '비밀번호', 'value': '사용안함(공백)'}, {'id': '증거금구분', 'value': '0:위탁산출용, 1:유지산출용'}, {'id': '비밀번호입력매체구분', 'value': '00'}]",,,True,True
opw20012,선옵증거금상세내역요청,"[{'id': '계좌번호', 'value': '전문 조회할 보유계좌번호'}, {'id': '비밀번호', 'value': '사용안함(공백)'}, {'id': '비밀번호입력매체구분', 'value': '00'}]",,,True,True
OPW20013,계좌미결제청산가능수량조회요청,"[{'id': '계좌번호', 'value': '전문 조회할 보유계좌번호'}, {'id': '비밀번호', 'value': '사용안함(공백)'}, {'id': '종목코드', 'value': '전문 조회할 종목코드'}, {'id': '주문가격', 'value': None}]",,,True,True
OPW20014,선옵실시간증거금산출요청,"[{'id': '계좌번호', 'value': '전문 조회할 보유계좌번호'}, {'id': '비밀번호', 'value': '사용안함(공백)'}, {'id': 'KOSPI200지수', 'value': '소수점제거한값(123.45 -> 12345)'}, {'id': '비밀번호입력매체구분', 'value': '00'}]",, 이 TR은 모의투자에서 지원하지 않는 TR입니다.,True,False
opw20015,옵션매도주문증거금현황요청,"[{'id': '월물구분', 'value': '결제월(YYYYMM 연도4자리, 월 2자리)'}, {'id': '클래스구분', 'value': '01:KOSPI200, 11:삼성전자, 13:POSCO, 15:한국전력, 16:현대차, 19:기아차, 24:LG전자, 40:하나금융지주, 45:LGD, 46:KB금융, 50:SK하이닉스, 75:미국달러'}]",, 이 TR은 모의투자에서 지원하지 않는 TR입니다.,True,False
opw20016,신용융자 가능종목요청,"[{'id': '신용종목등급구분', 'value': 'A:A군, B:B군, C:C군'}, {'id': '시장거래구분', 'value': '%:전체, 1:코스피, 0:코스닥'}, {'id': '종목번호', 'value': '조회시작하는 종목코드, 공백가능'}]",, 이 TR은 모의투자에서 지원하지 않는 TR입니다.,True,False
opw20017,신용융자 가능문의,"[{'id': '종목코드', 'value': None}]",,,True,True
opt10131,기관외국인연속매매현황요청,"[{'id': '기간', 'value': '1:최근일, 3:3일, 5:5일, 10:10일, 20:20일, 120:120일, 0:시작일자/종료일자로 조회'}, {'id': '시작일자', 'value': 'YYYYMMDD'}, {'id': '종료일자', 'value': 'YYYYMMDD'}, {'id': '장구분', 'value': '001:코스피, 101:코스닥'}, {'id': '순매도수구분', 'value': '2:순매수(고정값)'}, {'id': '종목업종구분', 'value': '0:종목(주식), 1:업종'}, {'id': '금액수량구분', 'value': '0:금액, 1:수량'}]","['순위', '종목코드', '종목명', '기간중주가등락률', '기관순매매금액', '기관순매매량', '기관계연속순매수일수', '기관계연속순매수량', '기관계연속순매수금액', '외국인순매매액', '외국인순매매량', '외국인연속순매수일수', '외국인연속순매수량', '외국인연속순매수금액', '순매매량', '순매매액', '합계연속순매수일수', '합계연속순매매수량', '합계연속순매수금액']"," 순매매금액 단위 백만원, 순매매량 단위 백주. 최근연속 순매수는 조회기간과 무관하게 최근 연속 데이터 입니다.",True,True
opt10170,당일매매일지요청,"[{'id': '계좌번호', 'value': '전문 조회할 보유계좌번호'}, {'id': '비밀번호', 'value': '사용안함(공백)'}, {'id': '기준일자', 'value': 'YYYYMMDD (연도4자리, 월 2자리, 일 2자리 형식. 공백입력시 금일데이터. 최근 2개월까지 제공)'}, {'id': '단주구분', 'value': '1:당일매수에 대한 당일매도, 2:당일매도전체'}, {'id': '현금신용구분', 'value': '0:전체, 1:현금매매만, 2:신용매매만'}]","['종목명', '매수평균가', '매수수량', '수수료_제세금', '손익금액', '매도금액', '매수금액', '수익률', '종목코드']"," 키워드림, 무료수수료 이벤트 등은 적용되지 않은 데이터 입니다.(기준수수료 일괄적용).  손익, 수익률 데이터는 당일매수에 대한 매도(청산)가 있는 경우 제공 됩니다.(수수료, 제세금은 추정)",True,True
